{"type":"FeatureCollection","source":"Natural Earth 1:10m Admin 0 Countries, India point of view (public domain), simplified","features":[{"type":"Feature","properties":{"name":"Indonesia","iso":"IDN"},"geometry":{"type":"MultiPolygon","coordinates":[[[[117.704,4.163],[117.907,4.157],[117.935,4.06],[117.839,4.04],[117.704,4.163]]],[[[117.567,4.16],[117.519,4.122],[117.373,4.17],[117.396,4.099],[117.688,3.909],[117.651,3.895],[117.57,3.933],[117.523,3.93],[117.719,3.861],[117.783,3.779],[117.702,3.779],[117.826,3.704],[117.749,3.637],[117.629,3.632],[117.547,3.664],[117.469,3.792],[117.51,3.607],[117.091,3.646],[117.031,3.594],[117.199,3.616],[117.2,3.555],[117.243,3.491],[117.325,3.436],[117.447,3.435],[117.36,3.244],[117.27,3.234],[117.454,3.171],[117.482,3.101],[117.617,3.086],[117.629,3.042],[117.565,2.984],[117.685,2.963],[117.544,2.922],[117.736,2.902],[117.62,2.826],[117.784,2.758],[117.826,2.607],[118.082,2.337],[118.058,2.22],[117.955,2.182],[117.915,2.093],[117.826,2.107],[117.9,2.05],[117.75,2.031],[117.873,1.99],[117.857,1.898],[117.924,1.819],[118.046,1.783],[118.127,1.655],[118.425,1.486],[118.4,1.454],[118.456,1.395],[118.613,1.351],[118.754,1.23],[118.857,1.058],[118.985,1.058],[119.012,0.976],[118.798,0.805],[118.663,0.846],[118.384,0.805],[118.097,0.909],[117.99,1.079],[117.894,1.113],[118.033,0.8],[117.903,0.837],[117.743,0.741],[117.62,0.502],[117.627,0.434],[117.517,0.291],[117.48,0.166],[117.517,0.14],[117.47,0.109],[117.53,-0.032],[117.435,-0.24],[117.497,-0.35],[117.441,-0.525],[117.63,-0.419],[117.555,-0.503],[117.599,-0.521],[117.578,-0.597],[117.53,-0.607],[117.576,-0.63],[117.551,-0.69],[117.483,-0.7],[117.614,-0.734],[117.623,-0.782],[117.489,-0.799],[117.447,-0.877],[117.379,-0.839],[117.339,-0.901],[117.282,-0.809],[117.25,-0.909],[116.958,-1.24],[116.82,-1.261],[116.831,-1.195],[116.797,-1.217],[116.743,-1.025],[116.736,-1.221],[116.791,-1.244],[116.762,-1.365],[116.568,-1.447],[116.54,-1.623],[116.222,-1.79],[116.442,-1.776],[116.414,-1.847],[116.467,-1.907],[116.459,-2.0],[110.113,-2.0],[110.075,-1.922],[109.904,-1.826],[110.034,-1.646],[110.044,-1.305],[109.93,-1.223],[109.935,-1.113],[109.835,-1.086],[109.74,-0.968],[109.764,-0.871],[109.677,-0.984],[109.526,-0.862],[109.428,-0.847],[109.391,-0.912],[109.273,-0.854],[109.263,-0.667],[109.469,-0.737],[109.507,-0.716],[109.355,-0.648],[109.355,-0.614],[109.424,-0.62],[109.401,-0.597],[109.262,-0.592],[109.139,-0.529],[109.101,-0.37],[109.136,-0.36],[109.101,-0.258],[109.046,-0.246],[109.119,-0.203],[109.225,-0.237],[109.157,0.02],[109.3,0.01],[109.167,0.112],[109.102,0.243],[108.921,0.34],[108.931,0.616],[108.855,0.832],[108.981,0.956],[108.924,1.164],[109.143,1.251],[109.266,1.395],[109.137,1.262],[108.986,1.216],[109.054,1.352],[109.073,1.534],[109.272,1.694],[109.348,1.81],[109.287,1.778],[109.341,1.936],[109.579,1.998],[109.645,2.083],[109.528,1.89],[109.556,1.802],[109.642,1.781],[109.658,1.597],[109.843,1.403],[109.92,1.395],[110.052,1.215],[110.17,1.174],[110.263,0.994],[110.364,0.981],[110.554,0.851],[110.777,0.903],[110.88,1.011],[111.198,1.075],[111.374,1.008],[111.472,1.022],[111.503,0.958],[111.623,1.03],[111.823,1.008],[111.91,1.114],[112.093,1.143],[112.187,1.38],[112.162,1.435],[112.47,1.568],[112.973,1.57],[113.024,1.514],[112.958,1.416],[113.089,1.431],[113.398,1.294],[113.524,1.314],[113.625,1.228],[113.91,1.442],[114.094,1.466],[114.173,1.421],[114.375,1.507],[114.546,1.435],[114.669,1.694],[114.68,1.841],[114.832,1.903],[114.841,2.038],[114.781,2.036],[114.753,2.135],[114.779,2.247],[114.913,2.284],[114.922,2.354],[115.206,2.51],[115.152,2.597],[115.056,2.609],[115.057,2.711],[115.105,2.761],[115.069,2.833],[115.242,3.042],[115.31,2.986],[115.464,3.031],[115.517,3.157],[115.483,3.206],[115.518,3.357],[115.601,3.43],[115.544,3.629],[115.589,3.858],[115.539,3.921],[115.61,3.997],[115.647,4.169],[115.771,4.226],[115.844,4.389],[116.021,4.271],[116.126,4.379],[116.311,4.383],[116.411,4.289],[116.494,4.325],[116.522,4.397],[116.59,4.331],[116.712,4.367],[116.804,4.33],[117.203,4.356],[117.436,4.186],[117.567,4.16]]],[[[108.677,-1.714],[108.723,-1.694],[108.778,-1.703],[108.677,-1.714]]],[[[109.161,-1.257],[109.139,-1.314],[109.101,-1.301],[109.161,-1.257]]],[[[109.265,-1.175],[109.253,-1.212],[109.223,-1.227],[109.224,-1.191],[109.265,-1.175]]],[[[104.488,-0.274],[104.487,-0.311],[104.401,-0.297],[104.421,-0.278],[104.488,-0.274]]],[[[102.847,0.278],[102.914,0.32],[102.927,0.311],[102.847,0.278]]],[[[103.066,0.649],[103.077,0.575],[103.037,0.658],[103.066,0.649]]],[[[103.517,0.698],[103.498,0.627],[103.472,0.623],[103.474,0.653],[103.517,0.698]]],[[[103.121,0.78],[103.105,0.735],[103.086,0.725],[103.08,0.769],[103.121,0.78]]],[[[104.523,0.788],[104.614,0.766],[104.511,0.75],[104.523,0.788]]],[[[103.668,0.84],[103.727,0.78],[103.713,0.762],[103.668,0.84]]],[[[103.453,0.921],[103.458,0.87],[103.407,0.911],[103.453,0.921]]],[[[119.862,-0.834],[119.758,-0.47],[119.8,-0.124],[119.675,-0.099],[119.628,-0.018],[119.675,0.03],[119.833,-0.084],[119.888,0.071],[119.785,0.239],[119.869,0.287],[119.902,0.462],[120.0,0.504],[120.0,-2.0],[119.223,-2.0],[119.347,-1.959],[119.367,-1.847],[119.305,-1.652],[119.328,-1.214],[119.453,-1.096],[119.525,-0.86],[119.682,-0.737],[119.655,-0.706],[119.725,-0.639],[119.825,-0.859],[119.862,-0.834]]],[[[100.942,1.842],[100.8,2.209],[100.886,2.298],[101.05,2.291],[101.067,2.22],[101.317,2.025],[101.427,1.709],[101.567,1.656],[101.749,1.662],[102.118,1.387],[102.197,1.2],[102.209,1.024],[102.425,0.804],[102.532,0.742],[102.877,0.726],[102.954,0.676],[103.084,0.516],[103.075,0.442],[102.582,0.181],[102.503,0.236],[102.43,0.246],[102.546,0.169],[102.903,0.268],[103.362,0.536],[103.541,0.435],[103.606,0.311],[103.645,0.345],[103.73,0.293],[103.802,-0.007],[103.629,-0.048],[103.577,-0.014],[103.576,-0.104],[103.271,-0.258],[103.489,-0.212],[103.437,-0.338],[103.346,-0.367],[103.493,-0.375],[103.598,-0.437],[103.418,-0.518],[103.373,-0.449],[103.416,-0.575],[103.346,-0.696],[103.463,-0.758],[103.441,-0.813],[103.527,-0.816],[103.829,-1.073],[103.856,-1.014],[103.956,-0.977],[104.212,-1.073],[104.377,-1.032],[104.463,-1.573],[104.538,-1.761],[104.487,-1.91],[104.564,-1.858],[104.637,-1.922],[104.598,-2.0],[100.882,-2.0],[100.858,-1.892],[100.571,-1.443],[100.569,-1.331],[100.406,-1.264],[100.433,-1.207],[100.366,-1.15],[100.416,-1.048],[100.328,-0.859],[100.035,-0.488],[99.824,-0.313],[99.747,-0.03],[99.611,0.099],[99.393,0.172],[99.341,0.239],[99.233,0.217],[99.138,0.263],[99.1,0.602],[99.049,0.62],[99.042,0.777],[98.981,0.832],[98.845,1.346],[98.71,1.564],[98.753,1.536],[98.823,1.63],[98.774,1.749],[98.727,1.792],[98.691,1.736],[98.535,1.936],[98.269,2.038],[97.956,2.272],[97.744,2.281],[97.658,2.412],[97.603,2.866],[97.405,2.943],[97.271,3.214],[97.172,3.255],[96.884,3.682],[96.761,3.749],[96.48,3.779],[96.198,4.121],[96.01,4.226],[95.726,4.532],[95.565,4.638],[95.28,5.123],[95.291,5.192],[95.199,5.293],[95.254,5.412],[95.213,5.573],[95.432,5.655],[95.511,5.603],[95.612,5.627],[95.888,5.512],[95.93,5.414],[96.088,5.295],[96.407,5.217],[96.973,5.273],[97.227,5.146],[97.526,5.242],[97.664,5.073],[97.909,4.89],[98.007,4.634],[97.997,4.546],[98.138,4.534],[98.276,4.425],[98.266,4.212],[98.186,4.17],[98.179,4.108],[98.263,4.177],[98.306,4.08],[98.406,4.079],[98.677,3.915],[98.711,3.804],[98.797,3.725],[99.18,3.546],[99.433,3.383],[99.558,3.245],[99.751,3.18],[99.858,3.011],[99.98,2.948],[99.998,2.799],[99.953,2.696],[100.008,2.603],[99.974,2.703],[100.055,2.727],[100.126,2.53],[100.121,2.664],[100.211,2.706],[100.434,2.273],[100.561,2.157],[100.813,2.04],[100.942,1.842]]],[[[104.629,-2.0],[104.655,-1.97],[104.66,-2.0],[104.629,-2.0]]],[[[104.773,-1.998],[104.782,-2.0],[104.766,-2.0],[104.773,-1.998]]],[[[108.968,-1.588],[108.858,-1.664],[108.793,-1.58],[108.901,-1.533],[108.968,-1.588]]],[[[109.723,-0.987],[109.777,-1.141],[109.502,-1.292],[109.417,-1.254],[109.475,-0.977],[109.723,-0.987]]],[[[99.287,-1.654],[99.274,-1.738],[99.254,-1.654],[99.2,-1.628],[99.255,-1.772],[99.118,-1.802],[98.885,-1.679],[98.594,-1.198],[98.658,-0.963],[98.898,-0.916],[98.938,-1.065],[99.165,-1.414],[99.165,-1.456],[99.131,-1.448],[99.287,-1.654]]],[[[98.507,-0.365],[98.5,-0.566],[98.448,-0.526],[98.422,-0.587],[98.275,-0.525],[98.336,-0.518],[98.429,-0.244],[98.507,-0.365]]],[[[98.406,-0.007],[98.56,-0.278],[98.549,-0.381],[98.296,-0.007],[98.406,-0.007]]],[[[103.298,0.605],[103.281,0.538],[103.14,0.539],[103.179,0.696],[103.247,0.694],[103.298,0.605]]],[[[103.497,0.84],[103.523,0.778],[103.421,0.873],[103.497,0.84]]],[[[103.819,0.886],[103.924,0.822],[103.941,0.776],[103.819,0.886]]],[[[103.502,0.763],[103.459,0.658],[103.416,0.657],[103.346,0.763],[103.357,0.872],[103.401,0.88],[103.502,0.763]]],[[[103.817,0.842],[103.832,0.765],[103.726,0.873],[103.743,0.894],[103.817,0.842]]],[[[103.88,1.031],[103.967,0.947],[103.922,0.935],[103.839,1.003],[103.88,1.031]]],[[[104.791,1.024],[104.844,1.018],[104.833,0.955],[104.791,1.024]]],[[[107.531,1.028],[107.602,1.01],[107.547,0.976],[107.531,1.028]]],[[[103.445,1.006],[103.341,1.02],[103.342,1.12],[103.39,1.13],[103.445,1.006]]],[[[103.052,0.785],[103.007,0.694],[102.895,0.79],[102.516,0.791],[102.407,0.873],[102.501,0.953],[102.468,1.106],[102.556,1.126],[102.622,1.002],[102.783,1.002],[103.052,0.785]]],[[[103.037,1.045],[103.167,0.859],[103.086,0.841],[102.791,1.031],[102.625,1.022],[102.716,1.154],[102.802,1.163],[103.037,1.045]]],[[[104.152,1.14],[104.092,0.99],[103.956,1.01],[103.907,1.072],[104.031,1.188],[104.085,1.133],[104.103,1.19],[104.152,1.14]]],[[[104.656,1.08],[104.659,0.928],[104.567,0.83],[104.483,0.859],[104.449,0.922],[104.487,0.937],[104.421,0.957],[104.485,1.034],[104.271,1.004],[104.232,1.093],[104.4,1.203],[104.508,1.18],[104.576,1.225],[104.656,1.08]]],[[[102.48,1.219],[102.446,1.076],[102.465,0.963],[102.369,0.935],[102.233,1.1],[102.217,1.409],[102.291,1.405],[102.48,1.219]]],[[[102.511,1.295],[102.479,1.271],[102.315,1.421],[102.096,1.475],[102.008,1.615],[102.463,1.515],[102.511,1.295]]],[[[98.571,1.673],[98.599,1.632],[98.529,1.623],[98.43,1.676],[98.463,1.709],[98.521,1.656],[98.571,1.673]]],[[[97.134,2.107],[97.102,2.016],[97.069,2.087],[97.134,2.107]]],[[[101.758,2.011],[101.729,1.799],[101.649,1.722],[101.531,1.718],[101.46,1.766],[101.394,1.931],[101.441,2.065],[101.551,2.058],[101.649,2.128],[101.758,2.011]]],[[[96.618,2.127],[96.665,2.088],[96.61,2.08],[96.618,2.127]]],[[[97.336,2.127],[97.322,2.031],[97.207,2.176],[97.103,2.213],[97.281,2.229],[97.336,2.127]]],[[[118.575,2.294],[118.654,2.182],[118.578,2.237],[118.556,2.312],[118.634,2.272],[118.575,2.294]]],[[[109.114,2.523],[109.027,2.486],[108.968,2.544],[109.008,2.56],[109.114,2.523]]],[[[106.233,2.806],[106.219,2.758],[106.203,2.819],[106.233,2.806]]],[[[96.475,2.398],[96.421,2.343],[96.335,2.355],[96.285,2.436],[96.066,2.579],[95.791,2.655],[95.7,2.832],[95.78,2.846],[95.792,2.943],[95.912,2.906],[95.883,2.846],[96.107,2.75],[96.103,2.655],[96.162,2.648],[96.158,2.68],[96.375,2.474],[96.424,2.511],[96.475,2.398]]],[[[108.856,3.003],[108.899,2.983],[108.89,2.888],[108.83,2.848],[108.775,2.895],[108.856,3.003]]],[[[107.813,2.995],[107.768,2.979],[107.745,2.984],[107.773,3.025],[107.813,2.995]]],[[[105.739,2.988],[105.853,2.984],[105.812,2.904],[105.713,2.843],[105.689,3.06],[105.739,2.988]]],[[[106.285,3.087],[106.211,3.128],[106.208,3.225],[106.277,3.196],[106.285,3.087]]],[[[117.45,3.344],[117.521,3.288],[117.417,3.289],[117.45,3.344]]],[[[106.292,3.368],[106.286,3.264],[106.265,3.289],[106.279,3.231],[106.23,3.258],[106.292,3.368]]],[[[117.64,3.437],[117.684,3.4],[117.648,3.246],[117.531,3.403],[117.64,3.437]]],[[[117.848,3.575],[117.891,3.456],[117.826,3.494],[117.785,3.582],[117.848,3.575]]],[[[117.497,3.456],[117.271,3.5],[117.218,3.56],[117.268,3.593],[117.394,3.566],[117.514,3.495],[117.497,3.456]]],[[[117.832,3.798],[117.784,3.82],[117.73,3.868],[117.829,3.841],[117.832,3.798]]],[[[117.741,4.088],[117.706,3.987],[117.594,4.064],[117.661,4.149],[117.741,4.088]]],[[[108.407,3.885],[108.318,3.684],[108.184,3.648],[108.094,3.696],[108.187,3.792],[108.28,3.732],[108.262,3.792],[108.062,3.856],[107.985,4.012],[108.225,4.245],[108.257,4.131],[108.396,3.991],[108.362,3.889],[108.407,3.885]]],[[[107.991,4.764],[107.993,4.691],[107.937,4.691],[107.991,4.764]]],[[[95.191,5.608],[95.156,5.595],[95.109,5.622],[95.142,5.664],[95.191,5.608]]],[[[95.127,5.702],[95.061,5.656],[95.061,5.732],[95.015,5.745],[95.058,5.757],[95.127,5.702]]],[[[95.351,5.887],[95.383,5.807],[95.32,5.781],[95.215,5.91],[95.284,5.857],[95.351,5.887]]],[[[105.127,-2.0],[105.402,-1.783],[105.335,-1.698],[105.35,-1.649],[105.566,-1.532],[105.703,-1.655],[105.663,-1.74],[105.813,-1.793],[105.696,-1.532],[105.876,-1.489],[106.042,-1.584],[106.035,-1.678],[106.179,-1.888],[106.163,-2.0],[105.127,-2.0]]],[[[104.593,-0.448],[104.511,-0.614],[104.42,-0.575],[104.356,-0.662],[104.336,-0.543],[104.254,-0.46],[104.333,-0.346],[104.346,-0.428],[104.47,-0.332],[104.593,-0.448]]],[[[103.735,-0.281],[103.749,-0.349],[103.462,-0.367],[103.558,-0.223],[103.735,-0.281]]],[[[105.011,-0.282],[104.917,-0.288],[104.935,-0.332],[104.713,-0.209],[104.529,-0.27],[104.437,-0.181],[104.565,0.03],[104.766,-0.188],[104.849,-0.14],[105.011,-0.282]]],[[[104.414,0.176],[104.477,0.024],[104.411,0.092],[104.414,0.176]]],[[[104.708,0.044],[104.595,0.102],[104.49,0.243],[104.548,0.224],[104.708,0.044]]],[[[104.358,0.369],[104.405,0.292],[104.339,0.365],[104.358,0.369]]],[[[104.216,0.708],[104.288,0.651],[104.277,0.626],[104.216,0.708]]],[[[104.274,0.703],[104.206,0.726],[104.196,0.78],[104.273,0.797],[104.274,0.703]]],[[[104.241,0.877],[104.25,0.83],[104.176,0.798],[104.092,0.88],[104.099,0.949],[104.241,0.877]]],[[[97.939,0.986],[97.874,0.622],[97.819,0.559],[97.704,0.573],[97.614,0.824],[97.479,0.943],[97.395,0.945],[97.247,1.267],[97.064,1.415],[97.236,1.417],[97.335,1.538],[97.417,1.519],[97.694,1.186],[97.939,0.986]]],[[[98.525,0.145],[98.806,0.161],[98.845,0.085],[98.539,0.09],[98.525,0.145]]],[[[104.721,0.738],[104.754,0.737],[104.739,0.716],[104.721,0.738]]],[[[104.649,0.858],[104.652,0.81],[104.625,0.811],[104.649,0.858]]]]}},{"type":"Feature","properties":{"name":"Malaysia","iso":"MYS"},"geometry":{"type":"MultiPolygon","coordinates":[[[[117.697,4.169],[117.64,4.227],[117.702,4.268],[117.907,4.157],[117.697,4.169]]],[[[102.073,6.258],[102.338,6.177],[102.521,5.872],[103.028,5.486],[103.448,4.807],[103.496,4.306],[103.395,4.116],[103.434,3.95],[103.339,3.758],[103.448,3.505],[103.482,3.512],[103.428,3.367],[103.441,2.922],[103.638,2.672],[103.765,2.649],[103.838,2.464],[103.949,2.34],[103.976,2.192],[104.255,1.638],[104.277,1.367],[104.106,1.375],[104.059,1.485],[104.148,1.545],[104.053,1.506],[103.966,1.648],[104.01,1.449],[103.698,1.451],[103.6,1.353],[103.548,1.382],[103.516,1.27],[103.367,1.538],[102.935,1.748],[102.836,1.846],[102.699,1.859],[102.545,2.058],[102.154,2.236],[101.989,2.395],[101.865,2.395],[101.774,2.587],[101.542,2.661],[101.399,2.819],[101.286,2.85],[101.283,2.911],[101.373,3.002],[101.298,3.275],[101.108,3.474],[101.041,3.622],[100.812,3.787],[100.845,3.851],[100.709,3.883],[100.706,3.984],[100.871,4.019],[100.778,4.021],[100.766,4.1],[100.633,4.155],[100.565,4.319],[100.646,4.56],[100.594,4.611],[100.666,4.67],[100.604,4.666],[100.617,4.793],[100.442,4.923],[100.365,5.084],[100.433,5.211],[100.351,5.584],[100.376,5.811],[100.349,6.013],[100.137,6.381],[100.167,6.695],[100.274,6.696],[100.387,6.522],[100.631,6.445],[100.73,6.493],[100.806,6.415],[100.833,6.237],[100.974,6.273],[101.082,6.246],[101.079,5.938],[100.965,5.792],[101.122,5.63],[101.212,5.682],[101.249,5.787],[101.558,5.911],[101.666,5.766],[101.727,5.786],[101.8,5.74],[101.913,5.859],[101.935,5.982],[102.06,6.095],[102.073,6.258]]],[[[115.163,4.908],[115.211,4.96],[115.358,4.903],[115.557,5.067],[115.605,5.212],[115.524,5.209],[115.4,5.324],[115.365,5.307],[115.393,5.413],[115.605,5.636],[115.605,5.52],[115.619,5.568],[115.762,5.523],[115.849,5.56],[115.931,5.763],[116.051,5.842],[116.142,6.073],[116.106,6.126],[116.223,6.237],[116.292,6.233],[116.293,6.276],[116.236,6.273],[116.503,6.495],[116.777,7.027],[116.838,6.962],[116.852,6.89],[116.811,6.863],[116.859,6.818],[116.784,6.592],[116.845,6.592],[116.974,6.708],[117.058,6.846],[117.031,6.931],[117.15,7.003],[117.257,6.938],[117.23,6.818],[117.296,6.636],[117.459,6.548],[117.534,6.621],[117.558,6.54],[117.727,6.451],[117.723,6.255],[117.6,6.198],[117.661,6.106],[117.633,6.04],[117.669,5.973],[117.469,5.869],[117.774,5.908],[117.772,5.944],[117.884,5.955],[118.017,6.061],[118.125,5.864],[118.059,5.809],[117.921,5.809],[117.96,5.687],[118.134,5.69],[118.176,5.805],[118.365,5.814],[118.594,5.682],[118.565,5.526],[118.651,5.636],[118.819,5.478],[118.919,5.455],[118.933,5.394],[118.984,5.437],[119.086,5.41],[119.189,5.451],[119.278,5.345],[119.267,5.201],[119.156,5.106],[118.681,4.944],[118.572,4.972],[118.499,4.931],[118.357,5.039],[118.136,4.882],[118.278,4.695],[118.477,4.601],[118.497,4.508],[118.6,4.519],[118.646,4.437],[118.557,4.364],[118.353,4.362],[117.983,4.231],[117.656,4.424],[117.606,4.382],[117.654,4.272],[117.599,4.207],[117.627,4.176],[117.567,4.16],[117.436,4.186],[117.203,4.356],[116.804,4.33],[116.712,4.367],[116.59,4.331],[116.522,4.397],[116.494,4.325],[116.411,4.289],[116.311,4.383],[116.126,4.379],[116.021,4.271],[115.844,4.389],[115.771,4.226],[115.647,4.169],[115.61,3.997],[115.539,3.921],[115.589,3.858],[115.544,3.629],[115.601,3.43],[115.518,3.357],[115.483,3.206],[115.517,3.157],[115.464,3.031],[115.31,2.986],[115.242,3.042],[115.069,2.833],[115.105,2.761],[115.057,2.711],[115.056,2.609],[115.152,2.597],[115.206,2.51],[114.922,2.354],[114.913,2.284],[114.779,2.247],[114.753,2.135],[114.781,2.036],[114.841,2.038],[114.832,1.903],[114.68,1.841],[114.669,1.694],[114.546,1.435],[114.375,1.507],[114.173,1.421],[114.094,1.466],[113.91,1.442],[113.625,1.228],[113.524,1.314],[113.398,1.294],[113.089,1.431],[112.958,1.416],[113.024,1.514],[112.973,1.57],[112.47,1.568],[112.162,1.435],[112.187,1.38],[112.093,1.143],[111.91,1.114],[111.823,1.008],[111.623,1.03],[111.503,0.958],[111.472,1.022],[111.374,1.008],[111.198,1.075],[110.88,1.011],[110.777,0.903],[110.554,0.851],[110.364,0.981],[110.263,0.994],[110.17,1.174],[110.052,1.215],[109.92,1.395],[109.843,1.403],[109.658,1.597],[109.642,1.781],[109.556,1.802],[109.528,1.89],[109.645,2.083],[109.693,1.873],[109.928,1.692],[110.254,1.706],[110.291,1.674],[110.329,1.803],[110.39,1.699],[110.508,1.741],[110.466,1.621],[110.727,1.547],[110.678,1.449],[110.763,1.48],[110.793,1.572],[111.142,1.372],[111.233,1.395],[111.341,1.333],[111.384,1.354],[111.065,1.463],[111.006,1.584],[111.038,1.677],[111.095,1.688],[111.179,1.627],[111.267,1.627],[111.173,1.659],[111.096,1.774],[111.206,2.069],[111.268,2.068],[111.254,2.126],[111.336,2.112],[111.378,2.162],[111.185,2.145],[111.185,2.195],[111.24,2.216],[111.185,2.254],[111.221,2.416],[111.365,2.341],[111.493,2.346],[111.405,2.484],[111.521,2.491],[111.417,2.555],[111.458,2.706],[111.67,2.843],[112.014,2.886],[113.008,3.162],[113.278,3.484],[113.434,3.753],[113.737,4.001],[113.947,4.274],[113.992,4.437],[113.976,4.595],[114.246,4.481],[114.283,4.265],[114.42,4.26],[114.477,4.145],[114.628,4.017],[114.767,4.132],[114.846,4.395],[114.788,4.461],[114.742,4.729],[114.948,4.819],[115.016,4.916],[115.092,4.405],[115.346,4.314],[115.163,4.908]]],[[[118.181,5.851],[118.219,5.828],[118.166,5.828],[118.181,5.851]]],[[[111.412,2.387],[111.37,2.36],[111.313,2.431],[111.315,2.784],[111.381,2.698],[111.412,2.387]]],[[[104.225,2.736],[104.172,2.708],[104.131,2.746],[104.171,2.891],[104.225,2.736]]],[[[118.749,4.486],[118.675,4.437],[118.644,4.495],[118.675,4.498],[118.749,4.486]]],[[[118.346,4.676],[118.6,4.635],[118.535,4.601],[118.346,4.676]]],[[[115.242,5.387],[115.242,5.273],[115.159,5.252],[115.242,5.387]]],[[[100.319,5.435],[100.289,5.263],[100.184,5.269],[100.179,5.458],[100.319,5.435]]],[[[99.767,6.224],[99.837,6.294],[99.806,6.172],[99.767,6.224]]],[[[99.911,6.349],[99.866,6.291],[99.825,6.324],[99.729,6.261],[99.719,6.353],[99.659,6.363],[99.645,6.436],[99.771,6.42],[99.842,6.47],[99.911,6.349]]],[[[117.494,6.735],[117.469,6.643],[117.347,6.655],[117.444,6.699],[117.412,6.751],[117.494,6.735]]],[[[117.017,7.343],[116.982,7.253],[116.852,7.198],[116.9,7.287],[117.017,7.343]]],[[[117.246,7.356],[117.282,7.332],[117.262,7.202],[117.072,7.102],[117.068,7.28],[117.246,7.356]]],[[[101.263,3.056],[101.244,3.026],[101.237,3.035],[101.263,3.056]]],[[[101.306,3.064],[101.335,3.009],[101.268,2.965],[101.306,3.064]]]]}},{"type":"Feature","properties":{"name":"India","iso":"IND"},"geometry":{"type":"MultiPolygon","coordinates":[[[[78.918,33.386],[79.098,33.288],[79.456,33.25],[79.373,33.112],[79.399,33.027],[79.334,32.994],[79.414,32.972],[79.621,32.729],[79.443,32.535],[79.32,32.592],[79.287,32.533],[79.113,32.472],[79.075,32.371],[78.943,32.346],[78.771,32.462],[78.737,32.63],[78.385,32.548],[78.452,32.417],[78.458,32.23],[78.745,31.964],[78.671,31.771],[78.819,31.607],[78.7,31.51],[78.763,31.445],[78.745,31.308],[78.921,31.27],[79.07,31.461],[79.131,31.438],[79.238,31.33],[79.402,31.024],[79.578,30.938],[79.739,30.979],[79.85,30.954],[80.063,30.785],[80.157,30.793],[80.225,30.734],[80.167,30.674],[80.18,30.559],[80.596,30.46],[81.003,30.213],[80.868,30.2],[80.716,30.013],[80.571,29.947],[80.476,29.806],[80.369,29.758],[80.385,29.605],[80.214,29.417],[80.28,29.31],[80.258,29.202],[80.219,29.211],[80.221,29.126],[80.133,29.11],[80.036,28.837],[80.33,28.627],[80.488,28.562],[80.488,28.656],[80.556,28.679],[80.905,28.441],[81.17,28.361],[81.296,28.128],[81.396,28.161],[81.473,28.066],[81.856,27.851],[82.027,27.912],[82.402,27.677],[82.68,27.694],[82.752,27.495],[83.133,27.444],[83.282,27.331],[83.363,27.386],[83.387,27.47],[83.59,27.457],[83.855,27.345],[83.834,27.434],[84.008,27.441],[84.117,27.513],[84.289,27.376],[84.607,27.31],[84.658,27.203],[84.64,27.028],[84.817,27.011],[85.019,26.846],[85.162,26.851],[85.195,26.759],[85.287,26.737],[85.609,26.851],[85.702,26.797],[85.713,26.653],[85.829,26.566],[86.011,26.654],[86.196,26.583],[86.284,26.612],[86.714,26.415],[87.041,26.58],[87.106,26.405],[87.219,26.408],[87.3,26.346],[87.416,26.427],[87.587,26.378],[87.87,26.465],[88.007,26.37],[88.169,26.744],[88.151,26.863],[87.969,27.111],[88.035,27.323],[88.023,27.495],[88.16,27.774],[88.165,27.845],[88.1,27.928],[88.379,27.983],[88.594,28.107],[88.803,28.011],[88.855,27.859],[88.742,27.532],[88.774,27.409],[88.892,27.316],[88.776,27.241],[88.73,27.151],[88.828,27.098],[88.852,26.945],[88.907,26.981],[88.932,26.919],[89.022,26.913],[89.097,26.821],[89.342,26.854],[89.586,26.784],[89.61,26.712],[89.814,26.696],[89.835,26.732],[90.127,26.751],[90.177,26.832],[90.349,26.897],[90.588,26.78],[90.717,26.767],[91.062,26.805],[91.297,26.775],[91.42,26.872],[91.521,26.798],[91.825,26.858],[91.879,26.803],[91.893,26.881],[91.975,26.847],[92.073,26.888],[92.067,26.995],[91.988,27.122],[92.089,27.292],[91.975,27.472],[91.727,27.46],[91.604,27.532],[91.573,27.62],[91.636,27.783],[91.564,27.851],[91.827,27.808],[91.865,27.73],[91.952,27.725],[92.24,27.865],[92.304,27.786],[92.393,27.856],[92.428,27.821],[92.575,27.848],[92.736,27.986],[92.639,28.057],[92.679,28.133],[92.975,28.282],[93.208,28.341],[93.186,28.432],[93.317,28.603],[93.446,28.672],[93.928,28.683],[93.992,28.845],[94.25,28.933],[94.347,29.024],[94.271,29.098],[94.288,29.148],[94.515,29.221],[94.6,29.317],[94.704,29.285],[94.777,29.167],[94.989,29.154],[95.367,29.036],[95.488,29.069],[95.515,29.209],[95.564,29.246],[95.717,29.218],[95.745,29.34],[95.796,29.353],[95.863,29.324],[96.142,29.368],[96.235,29.241],[96.35,29.274],[96.327,29.18],[96.175,29.109],[96.195,28.941],[96.367,29.037],[96.458,28.995],[96.598,28.71],[96.501,28.688],[96.302,28.421],[96.37,28.378],[96.562,28.447],[96.717,28.437],[96.966,28.33],[97.116,28.367],[97.323,28.217],[97.293,28.095],[97.362,27.995],[97.334,27.894],[97.223,27.9],[96.862,27.599],[96.881,27.444],[97.101,27.183],[97.119,27.087],[96.865,27.172],[96.854,27.249],[96.705,27.361],[96.587,27.354],[96.511,27.292],[96.143,27.258],[96.013,27.191],[95.916,27.051],[95.778,26.995],[95.699,26.896],[95.49,26.811],[95.411,26.702],[95.123,26.612],[95.041,26.476],[95.042,26.288],[95.088,26.104],[95.151,26.05],[95.001,25.922],[95.009,25.737],[94.86,25.567],[94.608,25.395],[94.553,25.204],[94.689,25.139],[94.709,25.026],[94.582,24.73],[94.516,24.705],[94.295,24.333],[94.132,23.857],[93.804,23.936],[93.711,24.005],[93.457,23.96],[93.368,24.078],[93.31,24.064],[93.375,23.739],[93.43,23.68],[93.375,23.13],[93.273,23.006],[93.177,23.058],[93.14,23.032],[93.176,22.882],[93.08,22.773],[93.071,22.693],[93.174,22.259],[93.124,22.231],[93.142,22.187],[93.025,22.202],[92.979,21.995],[92.906,22.017],[92.877,21.957],[92.836,22.047],[92.684,22.154],[92.651,22.019],[92.576,21.978],[92.496,22.696],[92.36,22.927],[92.349,23.354],[92.253,23.609],[92.259,23.706],[92.194,23.648],[92.151,23.732],[92.019,23.64],[91.923,23.723],[91.941,23.495],[91.744,23.272],[91.796,23.089],[91.586,22.944],[91.394,23.263],[91.356,23.224],[91.371,23.063],[91.314,23.101],[91.287,23.356],[91.136,23.63],[91.175,23.67],[91.132,23.721],[91.225,23.826],[91.216,23.908],[91.274,23.988],[91.339,23.995],[91.363,24.1],[91.582,24.096],[91.629,24.215],[91.704,24.143],[91.733,24.234],[91.877,24.158],[91.9,24.338],[91.972,24.316],[91.95,24.375],[92.108,24.406],[92.111,24.514],[92.234,24.778],[92.223,24.891],[92.381,24.837],[92.478,24.864],[92.484,24.928],[92.304,25.074],[92.034,25.182],[91.639,25.124],[91.236,25.202],[90.822,25.142],[90.365,25.15],[89.908,25.297],[89.819,25.285],[89.834,25.635],[89.783,25.814],[89.829,25.979],[89.756,26.032],[89.718,26.146],[89.656,26.161],[89.653,26.223],[89.563,26.143],[89.611,26.072],[89.542,25.96],[89.335,25.999],[89.119,26.147],[89.069,26.287],[89.103,26.327],[89.044,26.381],[88.941,26.439],[88.891,26.386],[89.008,26.297],[89.019,26.234],[88.876,26.277],[88.825,26.227],[88.748,26.293],[88.663,26.264],[88.712,26.328],[88.656,26.415],[88.411,26.545],[88.373,26.612],[88.315,26.465],[88.461,26.454],[88.498,26.353],[88.432,26.362],[88.337,26.282],[88.326,26.216],[88.164,26.14],[88.074,25.908],[88.088,25.831],[88.128,25.775],[88.26,25.789],[88.53,25.5],[88.666,25.463],[88.772,25.502],[88.842,25.333],[88.985,25.285],[88.924,25.168],[88.441,25.19],[88.426,25.051],[88.323,24.875],[88.243,24.881],[88.202,24.945],[88.115,24.916],[88.141,24.845],[88.022,24.646],[88.11,24.501],[88.475,24.315],[88.635,24.294],[88.66,24.338],[88.738,24.287],[88.746,24.214],[88.678,24.154],[88.714,23.925],[88.578,23.855],[88.54,23.65],[88.719,23.468],[88.77,23.489],[88.697,23.252],[88.96,23.203],[88.851,23.075],[88.839,22.976],[88.945,22.848],[88.908,22.741],[88.956,22.585],[88.928,22.548],[88.971,22.528],[89.078,22.151],[89.037,22.086],[89.061,21.938],[89.01,21.905],[88.905,21.969],[89.016,21.853],[89.083,21.617],[88.892,21.654],[88.859,21.767],[88.859,21.637],[88.806,21.623],[88.811,21.692],[88.791,21.568],[88.708,21.578],[88.695,21.84],[88.763,22.017],[88.709,22.072],[88.763,22.131],[88.695,22.082],[88.731,22.037],[88.69,21.946],[88.631,21.945],[88.683,22.185],[88.66,22.205],[88.567,21.851],[88.565,21.767],[88.633,21.75],[88.572,21.558],[88.536,21.575],[88.513,21.525],[88.488,21.557],[88.533,21.795],[88.496,21.952],[88.456,21.624],[88.393,21.6],[88.393,21.699],[88.331,21.719],[88.349,21.65],[88.31,21.61],[88.298,21.764],[88.262,21.799],[88.306,21.572],[88.254,21.555],[88.182,21.665],[88.21,21.789],[88.147,21.959],[88.222,22.078],[88.198,22.168],[88.009,22.24],[87.94,22.413],[87.907,22.425],[87.965,22.245],[88.133,22.179],[88.164,22.09],[88.043,22.017],[87.984,21.854],[87.834,21.729],[87.704,21.656],[87.201,21.552],[86.918,21.327],[86.837,21.175],[86.844,21.082],[86.966,20.806],[86.879,20.781],[86.987,20.752],[86.999,20.711],[86.94,20.698],[87.043,20.698],[86.751,20.489],[86.72,20.368],[86.81,20.415],[86.694,20.294],[86.755,20.314],[86.495,20.184],[86.391,20.02],[86.426,19.999],[86.209,20.067],[86.153,20.143],[86.168,20.073],[86.372,19.965],[85.48,19.666],[85.427,19.704],[85.577,19.746],[85.57,19.876],[85.44,19.896],[85.268,19.78],[85.103,19.53],[85.124,19.478],[85.233,19.554],[85.193,19.581],[85.248,19.656],[85.391,19.691],[85.378,19.615],[85.288,19.601],[85.331,19.576],[85.577,19.691],[85.18,19.475],[84.791,19.121],[84.739,19.148],[84.74,19.074],[84.78,19.097],[84.741,19.028],[84.424,18.636],[84.247,18.526],[84.271,18.5],[84.35,18.553],[84.113,18.298],[83.452,17.923],[83.341,17.717],[83.247,17.716],[83.299,17.664],[83.213,17.635],[83.239,17.593],[82.719,17.349],[82.388,17.127],[82.253,16.929],[82.314,16.847],[82.362,16.859],[82.349,16.956],[82.367,16.909],[82.366,16.812],[82.338,16.678],[82.313,16.608],[82.281,16.621],[82.307,16.58],[81.763,16.323],[81.557,16.373],[81.417,16.34],[81.411,16.383],[81.26,16.333],[81.15,15.97],[80.999,15.847],[81.013,15.778],[80.91,15.853],[80.896,16.031],[80.89,15.895],[80.807,15.716],[80.776,15.884],[80.67,15.908],[80.393,15.797],[80.28,15.701],[80.091,15.305],[80.053,15.093],[80.108,14.714],[80.178,14.606],[80.142,14.571],[80.197,14.565],[80.175,14.345],[80.047,14.207],[80.136,14.229],[80.15,14.028],[80.249,13.8],[80.221,13.697],[80.314,13.441],[80.142,13.729],[80.136,13.619],[80.094,13.695],[80.053,13.619],[80.119,13.501],[80.327,13.43],[80.333,13.198],[80.18,12.533],[80.096,12.362],[79.944,12.218],[80.005,12.242],[79.862,12.022],[79.786,11.769],[79.752,11.577],[79.819,11.381],[79.75,11.374],[79.676,11.296],[79.759,11.358],[79.833,11.342],[79.857,10.293],[79.795,10.269],[79.757,10.309],[79.633,10.329],[79.614,10.31],[79.76,10.258],[79.557,10.299],[79.587,10.344],[79.398,10.325],[79.286,10.253],[79.236,10.167],[79.279,10.036],[78.981,9.667],[78.913,9.474],[79.075,9.3],[79.341,9.316],[79.354,9.241],[79.454,9.159],[79.293,9.25],[78.989,9.278],[78.412,9.1],[78.183,8.877],[78.162,8.753],[78.215,8.765],[78.115,8.658],[78.128,8.488],[78.056,8.364],[77.511,8.076],[77.309,8.131],[76.996,8.368],[76.544,8.913],[76.621,8.925],[76.574,8.943],[76.668,9.007],[76.528,8.947],[76.46,9.115],[76.483,9.172],[76.415,9.247],[76.443,9.145],[76.363,9.325],[76.312,9.493],[76.236,9.953],[76.251,9.963],[76.339,9.699],[76.333,9.871],[76.394,9.679],[76.357,9.521],[76.459,9.497],[76.503,9.535],[76.407,9.569],[76.394,9.843],[76.278,9.978],[76.245,10.102],[76.215,10.138],[76.243,9.987],[76.182,10.106],[76.178,10.171],[76.24,10.239],[76.195,10.269],[76.202,10.2],[76.153,10.22],[75.922,10.766],[75.736,11.372],[75.609,11.485],[75.506,11.727],[75.325,11.899],[75.308,11.932],[75.4,11.92],[75.393,11.975],[75.302,11.966],[75.304,12.043],[75.277,11.967],[75.194,12.022],[75.14,12.249],[75.105,12.221],[74.828,12.825],[74.941,12.879],[74.818,12.862],[74.689,13.382],[74.667,13.633],[74.736,13.654],[74.688,13.712],[74.66,13.66],[74.495,14.031],[74.429,14.24],[74.509,14.25],[74.415,14.301],[74.352,14.53],[74.389,14.463],[74.428,14.476],[74.359,14.571],[74.301,14.527],[74.339,14.613],[74.276,14.61],[74.253,14.719],[74.096,14.793],[74.235,14.877],[74.208,14.901],[74.112,14.846],[74.036,14.921],[74.031,14.995],[73.913,15.079],[73.962,15.152],[73.891,15.343],[73.783,15.408],[73.968,15.374],[73.796,15.449],[73.866,15.538],[73.766,15.497],[73.737,15.572],[73.838,15.661],[73.718,15.627],[73.605,15.881],[73.447,16.069],[73.488,16.189],[73.447,16.114],[73.358,16.367],[73.385,16.402],[73.303,16.533],[73.307,16.563],[73.344,16.524],[73.379,16.518],[73.315,16.599],[73.371,16.61],[73.312,16.645],[73.276,17.079],[73.187,17.306],[73.249,17.285],[73.126,17.557],[73.201,17.586],[73.121,17.626],[73.123,17.736],[73.005,18.012],[73.043,18.067],[72.987,18.067],[72.927,18.224],[72.94,18.286],[73.057,18.186],[73.072,18.273],[72.977,18.295],[72.891,18.429],[72.925,18.536],[73.015,18.47],[72.91,18.559],[72.852,18.72],[72.866,18.799],[72.927,18.827],[72.995,18.731],[72.982,18.871],[72.897,18.894],[73.057,19.015],[72.988,18.999],[72.975,19.163],[72.934,19.034],[72.869,19.011],[72.821,18.903],[72.77,18.948],[72.824,19.054],[72.823,19.169],[72.782,19.16],[72.83,19.252],[72.775,19.205],[72.785,19.314],[72.973,19.294],[73.027,19.206],[73.05,19.218],[72.988,19.301],[72.802,19.332],[72.763,19.38],[72.754,19.482],[72.879,19.532],[72.796,19.527],[72.742,19.581],[72.756,19.519],[72.723,19.536],[72.687,19.725],[72.726,19.706],[72.733,19.78],[72.678,19.747],[72.649,19.852],[72.748,20.28],[72.886,20.532],[72.899,20.732],[72.947,20.759],[72.919,20.822],[72.886,20.807],[72.9,20.868],[72.837,20.836],[72.837,20.93],[72.888,20.983],[72.772,21.024],[72.85,21.048],[72.81,21.13],[72.7,21.075],[72.714,21.164],[72.671,21.1],[72.615,21.106],[72.735,21.199],[72.646,21.273],[72.618,21.253],[72.587,21.341],[72.646,21.363],[72.565,21.386],[72.747,21.453],[72.738,21.483],[72.584,21.417],[72.823,21.644],[72.89,21.641],[73.132,21.758],[72.927,21.685],[72.55,21.667],[72.567,21.849],[72.735,21.994],[72.543,21.911],[72.502,21.976],[72.575,22.195],[72.748,22.164],[72.812,22.234],[72.916,22.223],[72.917,22.271],[72.757,22.244],[72.574,22.288],[72.466,22.233],[72.392,22.253],[72.397,22.367],[72.328,22.261],[72.24,22.302],[72.149,22.278],[72.191,22.251],[72.24,22.288],[72.239,22.239],[72.306,22.23],[72.308,22.079],[72.173,21.976],[72.097,22.007],[72.102,21.945],[72.029,21.939],[72.157,21.926],[72.169,21.841],[72.058,21.899],[72.105,21.836],[72.004,21.858],[71.996,21.8],[72.166,21.794],[72.299,21.626],[72.105,21.315],[72.105,21.205],[71.141,20.766],[70.982,20.71],[70.74,20.718],[70.337,20.927],[70.054,21.153],[69.809,21.466],[69.427,21.781],[69.391,21.877],[69.336,21.862],[69.198,21.98],[68.945,22.295],[68.983,22.419],[69.074,22.482],[69.072,22.399],[69.202,22.415],[69.17,22.328],[69.212,22.274],[69.48,22.342],[69.516,22.448],[69.616,22.356],[69.733,22.48],[69.795,22.419],[69.973,22.541],[70.178,22.562],[70.375,22.903],[70.505,22.98],[70.503,23.104],[70.467,23.13],[70.399,23.069],[70.392,22.941],[70.303,22.938],[70.233,23.0],[70.163,22.949],[70.131,22.994],[70.135,22.93],[69.833,22.858],[69.716,22.747],[69.586,22.761],[69.202,22.852],[68.866,23.02],[68.654,23.158],[68.6,23.225],[68.623,23.268],[68.552,23.26],[68.607,23.326],[68.521,23.369],[68.536,23.421],[68.424,23.446],[68.486,23.514],[68.437,23.549],[68.412,23.495],[68.409,23.621],[68.491,23.619],[68.469,23.659],[68.822,23.878],[68.633,23.833],[68.428,23.714],[68.327,23.587],[68.143,23.613],[68.276,23.666],[68.209,23.696],[68.198,23.775],[68.164,23.758],[68.264,23.936],[68.724,23.965],[68.747,24.331],[68.799,24.329],[68.839,24.236],[68.904,24.321],[68.963,24.257],[69.563,24.277],[69.715,24.169],[69.972,24.165],[70.052,24.202],[70.098,24.299],[70.416,24.402],[70.563,24.424],[70.568,24.273],[70.755,24.231],[70.851,24.265],[70.841,24.306],[70.918,24.362],[71.083,24.412],[70.977,24.465],[70.955,24.585],[71.064,24.683],[70.849,25.163],[70.654,25.397],[70.654,25.674],[70.249,25.708],[70.065,25.98],[70.147,26.217],[70.158,26.53],[70.056,26.589],[69.816,26.58],[69.504,26.735],[69.465,26.808],[69.534,27.126],[69.994,27.571],[70.102,27.812],[70.342,28.011],[70.535,28.016],[70.633,27.932],[70.71,27.741],[70.832,27.701],[71.226,27.845],[71.561,27.869],[71.874,27.96],[71.908,28.136],[72.15,28.354],[72.256,28.646],[72.355,28.767],[72.93,29.048],[73.233,29.537],[73.37,29.927],[73.74,30.048],[73.944,30.188],[73.852,30.373],[74.058,30.531],[74.067,30.611],[74.164,30.665],[74.319,30.893],[74.401,30.893],[74.659,31.084],[74.537,31.115],[74.506,31.175],[74.617,31.459],[74.489,31.711],[74.55,31.827],[74.698,31.95],[74.784,31.943],[74.829,32.025],[75.295,32.149],[75.359,32.262],[75.23,32.38],[75.024,32.466],[74.689,32.471],[74.63,32.588],[74.672,32.841],[74.574,32.753],[74.346,32.767],[74.317,32.823],[73.943,33.018],[73.806,33.015],[73.623,33.124],[73.655,33.185],[73.581,33.229],[73.574,33.387],[73.635,33.541],[73.573,33.634],[73.58,33.91],[73.519,34.008],[73.474,34.269],[73.4,34.376],[73.437,34.522],[73.464,34.571],[73.623,34.564],[73.74,34.785],[74.018,34.881],[74.1,35.01],[74.068,35.055],[74.124,35.105],[73.81,35.234],[73.722,35.216],[73.69,35.357],[73.784,35.447],[73.772,35.522],[73.41,35.548],[73.307,35.6],[73.126,35.725],[73.155,35.825],[73.088,35.876],[72.792,35.838],[72.516,35.904],[72.589,36.016],[72.529,36.098],[72.572,36.243],[72.692,36.271],[72.877,36.384],[72.896,36.462],[72.985,36.473],[73.094,36.603],[73.073,36.699],[73.416,36.752],[73.879,36.712],[73.887,36.771],[73.72,36.851],[73.712,36.894],[74.035,36.816],[74.13,36.898],[74.236,36.902],[74.436,37.003],[74.537,36.962],[74.542,37.022],[74.662,37.054],[74.825,36.994],[74.872,36.907],[74.942,36.977],[75.119,36.991],[75.378,36.894],[75.432,36.723],[75.571,36.767],[75.729,36.723],[75.875,36.619],[75.981,36.445],[76.149,36.425],[76.239,36.32],[76.389,36.31],[76.469,36.22],[76.669,36.19],[76.759,36.11],[76.779,35.91],[76.839,35.86],[77.009,35.82],[77.09,35.74],[77.349,35.72],[77.421,35.64],[77.469,35.652],[77.52,35.477],[77.661,35.458],[77.89,35.482],[77.955,35.562],[78.102,35.538],[78.276,35.695],[78.665,35.853],[78.971,35.887],[79.133,35.836],[79.194,35.887],[79.184,35.941],[79.29,35.977],[79.738,35.802],[79.876,35.785],[80.005,35.839],[80.111,35.68],[80.292,35.607],[80.327,35.477],[80.284,35.446],[80.05,34.673],[79.867,34.658],[79.813,34.565],[79.702,34.52],[79.713,34.415],[79.523,34.426],[79.552,34.21],[79.488,34.182],[79.495,34.106],[79.406,34.022],[78.903,33.983],[79.011,33.658],[79.003,33.619],[78.917,33.633],[78.885,33.592],[78.918,33.386]]],[[[80.983,15.781],[80.943,15.741],[80.879,15.84],[80.937,15.819],[80.983,15.781]]],[[[73.644,10.095],[73.637,10.063],[73.633,10.057],[73.644,10.095]]],[[[73.656,10.145],[73.658,10.139],[73.655,10.142],[73.656,10.145]]],[[[72.65,10.567],[72.627,10.555],[72.651,10.573],[72.65,10.567]]],[[[72.549,10.779],[72.541,10.773],[72.542,10.778],[72.549,10.779]]],[[[73.681,10.828],[73.673,10.825],[73.671,10.83],[73.681,10.828]]],[[[72.75,11.119],[72.745,11.11],[72.74,11.109],[72.75,11.119]]],[[[73.011,11.49],[73.006,11.48],[73.013,11.502],[73.011,11.49]]],[[[72.705,11.692],[72.705,11.687],[72.701,11.686],[72.705,11.692]]],[[[93.873,12.269],[93.852,12.272],[93.861,12.281],[93.873,12.269]]],[[[94.281,13.444],[94.275,13.42],[94.262,13.429],[94.281,13.444]]],[[[93.929,7.012],[93.903,6.808],[93.813,6.754],[93.765,6.924],[93.649,7.013],[93.676,7.182],[93.831,7.236],[93.929,7.012]]],[[[93.734,7.351],[93.644,7.258],[93.618,7.26],[93.594,7.315],[93.697,7.445],[93.734,7.351]]],[[[93.37,8.017],[93.454,7.869],[93.354,7.883],[93.305,7.95],[93.37,8.017]]],[[[93.548,8.02],[93.574,7.969],[93.574,7.925],[93.511,7.98],[93.548,8.02]]],[[[93.528,8.032],[93.484,7.992],[93.517,8.063],[93.466,8.074],[93.447,8.154],[93.505,8.227],[93.528,8.032]]],[[[73.024,8.255],[73.084,8.308],[73.057,8.26],[73.024,8.255]]],[[[93.161,8.229],[93.082,8.242],[93.07,8.347],[93.095,8.355],[93.161,8.229]]],[[[93.608,8.569],[93.625,8.474],[93.601,8.438],[93.608,8.569]]],[[[92.834,9.202],[92.8,9.11],[92.72,9.147],[92.751,9.261],[92.834,9.202]]],[[[92.587,10.736],[92.535,10.525],[92.384,10.529],[92.417,10.629],[92.377,10.784],[92.429,10.851],[92.528,10.895],[92.587,10.736]]],[[[92.696,11.454],[92.646,11.359],[92.594,11.378],[92.636,11.508],[92.696,11.454]]],[[[92.255,11.594],[92.252,11.529],[92.217,11.598],[92.255,11.594]]],[[[93.015,12.037],[93.049,11.896],[92.947,11.99],[93.015,12.037]]],[[[93.104,12.188],[93.103,12.102],[93.094,12.091],[93.059,12.154],[93.104,12.188]]],[[[92.737,12.962],[92.724,12.872],[92.683,12.797],[92.683,12.962],[92.737,12.962]]],[[[93.076,13.269],[93.037,13.062],[92.979,13.03],[92.964,13.085],[92.937,13.067],[92.953,12.971],[92.905,12.982],[92.876,12.917],[92.964,12.865],[92.991,12.519],[92.936,12.42],[92.847,12.434],[92.915,12.338],[92.879,12.313],[92.894,12.205],[92.757,12.077],[92.793,12.036],[92.741,11.984],[92.737,11.879],[92.762,11.94],[92.799,11.899],[92.76,11.709],[92.684,11.65],[92.697,11.611],[92.736,11.682],[92.761,11.664],[92.717,11.494],[92.626,11.595],[92.649,11.638],[92.563,11.726],[92.567,11.827],[92.525,11.857],[92.571,11.933],[92.618,11.866],[92.682,12.22],[92.721,12.227],[92.728,12.173],[92.793,12.208],[92.759,12.266],[92.793,12.296],[92.718,12.362],[92.722,12.599],[92.783,12.665],[92.737,12.807],[92.8,12.858],[92.835,13.002],[92.847,13.345],[92.95,13.545],[93.012,13.578],[93.066,13.537],[93.078,13.397],[92.979,13.33],[93.076,13.269]]],[[[93.033,13.68],[93.053,13.64],[92.991,13.667],[93.033,13.68]]],[[[88.841,21.614],[88.908,21.531],[88.839,21.532],[88.841,21.614]]],[[[88.043,21.658],[88.147,21.87],[88.13,21.626],[88.043,21.658]]],[[[88.584,21.836],[88.671,21.907],[88.646,21.788],[88.584,21.836]]],[[[88.072,21.857],[88.085,21.922],[88.119,21.945],[88.125,21.889],[88.072,21.857]]],[[[72.173,10.809],[72.179,10.849],[72.2,10.878],[72.173,10.809]]],[[[72.77,11.204],[72.796,11.257],[72.775,11.187],[72.77,11.204]]]]}},{"type":"Feature","properties":{"name":"China","iso":"CHN"},"geometry":{"type":"MultiPolygon","coordinates":[[[[97.323,28.217],[97.078,28.375],[96.966,28.33],[96.717,28.437],[96.562,28.447],[96.37,28.378],[96.302,28.421],[96.501,28.688],[96.598,28.71],[96.593,28.758],[96.458,28.995],[96.367,29.037],[96.195,28.941],[96.175,29.109],[96.316,29.172],[96.366,29.257],[96.235,29.241],[96.142,29.368],[95.745,29.34],[95.717,29.218],[95.564,29.246],[95.515,29.209],[95.488,29.069],[95.367,29.036],[94.989,29.154],[94.777,29.167],[94.704,29.285],[94.6,29.317],[94.515,29.221],[94.288,29.148],[94.271,29.098],[94.347,29.024],[94.25,28.933],[93.992,28.845],[93.928,28.683],[93.446,28.672],[93.317,28.603],[93.186,28.432],[93.208,28.341],[92.975,28.282],[92.679,28.133],[92.639,28.057],[92.736,27.986],[92.575,27.848],[92.428,27.821],[92.393,27.856],[92.304,27.786],[92.24,27.865],[92.065,27.762],[91.865,27.73],[91.827,27.808],[91.628,27.853],[91.622,27.951],[91.419,27.995],[91.29,28.091],[91.052,27.963],[90.667,28.09],[90.475,28.072],[90.588,28.233],[90.387,28.299],[90.291,28.261],[90.226,28.358],[90.071,28.345],[89.863,28.296],[89.756,28.184],[89.579,28.145],[89.459,28.048],[89.336,27.869],[89.225,27.808],[89.125,27.615],[89.064,27.616],[88.978,27.53],[88.951,27.433],[88.997,27.331],[88.892,27.316],[88.774,27.409],[88.742,27.532],[88.854,27.844],[88.818,27.995],[88.61,28.106],[88.379,27.983],[88.116,27.947],[88.118,27.861],[87.837,27.908],[87.727,27.808],[87.532,27.837],[87.369,27.804],[87.364,27.855],[87.156,27.826],[87.006,27.951],[86.74,28.021],[86.68,28.106],[86.554,28.104],[86.51,27.952],[86.425,27.91],[86.203,28.003],[86.156,28.157],[86.069,28.077],[86.113,27.927],[85.98,27.885],[85.863,28.143],[85.734,28.222],[85.693,28.335],[85.612,28.251],[85.087,28.304],[85.078,28.436],[85.161,28.595],[85.055,28.639],[84.928,28.538],[84.812,28.542],[84.678,28.604],[84.683,28.651],[84.616,28.694],[84.451,28.734],[84.377,28.849],[84.207,28.941],[84.231,29.026],[84.175,29.057],[84.132,29.144],[84.162,29.193],[84.09,29.257],[83.914,29.289],[83.695,29.226],[83.639,29.155],[83.524,29.184],[83.355,29.461],[83.264,29.473],[83.261,29.542],[83.174,29.621],[83.065,29.579],[82.976,29.664],[82.837,29.66],[82.542,29.923],[82.154,30.058],[82.156,30.181],[82.085,30.231],[82.073,30.337],[81.614,30.417],[81.509,30.328],[81.388,30.374],[81.35,30.157],[81.267,30.125],[81.217,30.008],[81.098,30.017],[80.976,30.255],[80.782,30.321],[80.596,30.46],[80.18,30.559],[80.167,30.674],[80.231,30.725],[80.157,30.793],[80.063,30.785],[79.834,30.962],[79.578,30.938],[79.402,31.024],[79.238,31.33],[79.131,31.438],[79.07,31.461],[78.921,31.27],[78.745,31.308],[78.763,31.445],[78.7,31.51],[78.819,31.607],[78.671,31.771],[78.745,31.964],[78.458,32.23],[78.452,32.417],[78.381,32.528],[78.63,32.578],[78.713,32.638],[78.771,32.462],[78.943,32.346],[79.075,32.371],[79.113,32.472],[79.287,32.533],[79.32,32.592],[79.443,32.535],[79.621,32.729],[79.414,32.972],[79.334,32.994],[79.399,33.027],[79.373,33.112],[79.456,33.25],[79.098,33.288],[78.918,33.386],[78.896,33.62],[79.013,33.634],[78.888,33.946],[78.935,34.007],[79.406,34.022],[79.495,34.106],[79.488,34.182],[79.552,34.21],[79.523,34.426],[79.713,34.415],[79.702,34.52],[79.813,34.565],[79.867,34.658],[80.05,34.673],[80.284,35.446],[80.326,35.467],[80.292,35.607],[80.111,35.68],[80.005,35.839],[79.876,35.785],[79.738,35.802],[79.461,35.886],[79.324,35.98],[79.184,35.941],[79.194,35.887],[79.133,35.836],[78.971,35.887],[78.665,35.853],[78.276,35.695],[78.102,35.538],[77.955,35.562],[77.89,35.482],[77.52,35.477],[77.469,35.652],[77.421,35.64],[77.349,35.72],[77.09,35.74],[77.009,35.82],[76.839,35.86],[76.779,35.91],[76.779,36.04],[76.719,36.16],[76.469,36.22],[76.389,36.31],[76.239,36.32],[76.149,36.425],[75.981,36.445],[75.875,36.619],[75.729,36.723],[75.571,36.767],[75.432,36.723],[75.378,36.894],[75.119,36.991],[74.942,36.977],[74.872,36.907],[74.793,37.015],[74.662,37.054],[74.519,37.03],[74.368,37.167],[74.721,37.298],[74.794,37.214],[74.892,37.231],[75.164,37.401],[74.892,37.599],[74.965,37.767],[74.886,37.831],[74.88,38.022],[74.791,38.081],[74.771,38.292],[74.838,38.379],[74.833,38.464],[74.334,38.667],[74.123,38.669],[74.037,38.598],[74.029,38.527],[73.816,38.587],[73.681,38.873],[73.826,38.977],[73.608,39.207],[73.633,39.448],[73.838,39.476],[73.922,39.582],[73.894,39.71],[73.819,39.786],[73.977,40.044],[74.168,40.106],[74.334,40.094],[74.706,40.331],[74.862,40.326],[74.787,40.421],[74.835,40.512],[75.002,40.447],[75.194,40.441],[75.56,40.633],[75.667,40.45],[75.638,40.386],[75.682,40.292],[75.902,40.299],[76.052,40.39],[76.151,40.368],[76.244,40.441],[76.33,40.348],[76.476,40.436],[76.621,40.611],[76.648,40.765],[76.762,40.847],[76.767,40.945],[76.861,41.013],[77.008,41.044],[77.504,40.981],[77.831,41.063],[78.075,41.04],[78.349,41.27],[78.36,41.378],[79.282,41.783],[79.391,41.773],[79.748,41.88],[79.84,42.0],[103.086,42.0],[103.721,41.756],[104.501,41.871],[104.505,41.657],[104.892,41.645],[104.974,41.586],[105.201,41.743],[105.889,42.0],[120.0,42.0],[120.0,40.069],[119.912,39.998],[119.536,39.891],[119.531,39.815],[119.368,39.748],[119.285,39.595],[119.209,39.57],[119.229,39.536],[119.281,39.575],[119.279,39.384],[119.185,39.355],[118.926,39.131],[118.894,39.124],[118.97,39.193],[118.881,39.173],[118.874,39.214],[118.796,39.152],[118.527,39.149],[118.326,39.031],[118.028,39.22],[117.715,39.111],[117.775,38.981],[117.702,38.995],[117.584,38.812],[117.544,38.621],[117.804,38.294],[118.065,38.143],[118.543,38.068],[118.655,38.146],[118.76,38.155],[118.95,38.097],[118.925,38.058],[118.997,37.963],[119.26,37.716],[119.218,37.675],[119.069,37.741],[118.97,37.593],[118.961,37.296],[119.146,37.179],[119.441,37.121],[119.771,37.152],[119.897,37.249],[119.859,37.36],[120.0,37.422],[120.0,35.728],[119.908,35.745],[119.936,35.705],[119.896,35.62],[119.843,35.616],[119.84,35.658],[119.744,35.576],[119.733,35.621],[119.648,35.584],[119.552,35.38],[119.424,35.313],[119.358,35.097],[119.213,35.058],[119.189,34.856],[119.203,34.712],[119.229,34.76],[119.347,34.781],[119.463,34.732],[119.457,34.685],[119.648,34.534],[120.0,34.432],[120.0,32.009],[119.912,32.124],[119.922,32.217],[119.818,32.314],[119.613,32.355],[119.685,32.292],[119.606,32.197],[119.69,32.235],[119.789,32.199],[119.772,32.127],[120.0,31.955],[120.0,26.792],[119.925,26.792],[119.902,26.66],[119.857,26.654],[119.829,26.715],[119.792,26.688],[119.84,26.79],[119.797,26.816],[119.846,26.852],[119.782,26.829],[119.756,26.738],[119.686,26.812],[119.725,26.698],[119.585,26.795],[119.552,26.725],[119.606,26.695],[119.6,26.646],[119.541,26.656],[119.6,26.57],[119.675,26.619],[119.785,26.578],[119.792,26.413],[119.654,26.498],[119.566,26.455],[119.648,26.437],[119.682,26.317],[119.747,26.328],[119.826,26.427],[119.84,26.379],[119.95,26.365],[119.793,26.284],[119.654,26.272],[119.668,26.222],[119.6,26.176],[119.459,25.982],[119.436,25.981],[119.415,26.009],[119.277,26.053],[119.216,26.1],[119.094,26.146],[119.195,26.088],[119.247,25.967],[119.33,25.944],[119.441,25.964],[119.519,26.045],[119.695,26.003],[119.6,25.844],[119.566,25.872],[119.621,25.76],[119.59,25.687],[119.449,25.687],[119.492,25.565],[119.579,25.585],[119.573,25.488],[119.628,25.461],[119.62,25.365],[119.655,25.358],[119.579,25.344],[119.576,25.467],[119.539,25.461],[119.544,25.377],[119.483,25.371],[119.507,25.474],[119.447,25.439],[119.449,25.505],[119.357,25.527],[119.381,25.591],[119.305,25.605],[119.238,25.482],[119.103,25.42],[119.173,25.325],[119.203,25.358],[119.201,25.26],[119.278,25.33],[119.344,25.242],[119.281,25.241],[119.256,25.176],[119.116,25.214],[119.153,25.14],[119.099,25.111],[119.065,25.163],[119.029,25.141],[119.069,25.217],[118.969,25.226],[119.027,25.278],[118.876,25.244],[118.915,25.179],[118.975,25.183],[118.943,25.109],[118.849,25.074],[118.954,25.003],[119.004,25.05],[119.018,24.96],[118.912,24.953],[118.952,24.871],[118.792,24.891],[118.716,24.844],[118.73,24.901],[118.696,24.94],[118.689,24.896],[118.668,24.953],[118.671,24.875],[118.572,24.885],[118.638,24.772],[118.702,24.81],[118.763,24.763],[118.685,24.666],[118.642,24.679],[118.661,24.59],[118.62,24.545],[118.554,24.518],[118.578,24.56],[118.428,24.631],[118.431,24.7],[118.405,24.607],[118.284,24.598],[118.219,24.541],[118.16,24.693],[118.11,24.584],[118.044,24.618],[118.037,24.561],[117.975,24.553],[118.058,24.516],[118.0,24.471],[118.022,24.446],[117.791,24.467],[117.907,24.385],[118.043,24.407],[118.016,24.327],[118.091,24.341],[118.126,24.262],[117.979,24.162],[117.944,24.213],[117.907,24.186],[117.938,24.162],[117.894,24.028],[117.839,24.024],[117.748,23.908],[117.798,24.022],[117.762,24.015],[117.763,24.07],[117.724,24.034],[117.667,24.063],[117.709,24.035],[117.695,23.954],[117.592,23.737],[117.571,23.903],[117.417,23.947],[117.5,23.874],[117.49,23.833],[117.434,23.776],[117.277,23.782],[117.257,23.616],[117.23,23.693],[117.219,23.63],[117.084,23.551],[117.068,23.651],[116.951,23.611],[116.917,23.663],[116.872,23.607],[116.867,23.45],[116.773,23.349],[116.523,23.419],[116.573,23.324],[116.749,23.326],[116.805,23.236],[116.667,23.281],[116.715,23.244],[116.647,23.163],[116.612,23.239],[116.509,23.234],[116.605,23.21],[116.534,23.109],[116.563,23.019],[116.495,22.939],[116.214,22.983],[116.281,22.958],[116.145,22.848],[116.096,22.826],[116.124,22.895],[116.042,22.933],[116.076,22.868],[115.81,22.746],[115.805,22.815],[115.684,22.878],[115.73,22.934],[115.561,22.849],[115.548,22.895],[115.406,22.925],[115.483,22.902],[115.468,22.849],[115.559,22.836],[115.612,22.864],[115.527,22.767],[115.556,22.714],[115.59,22.737],[115.575,22.668],[115.374,22.694],[115.338,22.733],[115.411,22.788],[115.233,22.788],[115.32,22.851],[115.304,22.903],[115.173,22.821],[115.18,22.785],[115.065,22.796],[114.985,22.689],[114.942,22.754],[114.863,22.763],[114.967,22.676],[114.896,22.548],[114.866,22.602],[114.744,22.609],[114.742,22.733],[114.821,22.791],[114.775,22.816],[114.522,22.706],[114.507,22.647],[114.59,22.644],[114.495,22.562],[114.618,22.514],[114.516,22.453],[114.396,22.614],[114.055,22.507],[113.964,22.538],[113.89,22.453],[113.894,22.521],[113.758,22.753],[113.672,22.747],[113.617,22.89],[113.606,22.847],[113.638,23.035],[113.597,22.918],[113.617,23.035],[113.576,22.939],[113.583,23.021],[113.529,23.011],[113.582,23.098],[113.83,23.117],[113.703,23.158],[113.542,23.086],[113.509,23.062],[113.417,23.097],[113.502,23.02],[113.484,22.924],[113.213,22.905],[113.35,22.89],[113.494,22.775],[113.44,22.739],[113.378,22.767],[113.599,22.575],[113.546,22.438],[113.558,22.381],[113.61,22.37],[113.588,22.238],[113.484,22.155],[113.276,22.372],[113.165,22.576],[113.16,22.488],[113.402,22.18],[113.303,22.183],[113.251,22.116],[113.247,22.054],[113.157,22.025],[113.085,22.208],[113.058,22.121],[113.021,22.126],[113.026,21.949],[112.912,21.856],[112.826,21.966],[112.645,21.849],[112.608,21.775],[112.551,21.773],[112.426,21.845],[112.411,21.901],[112.494,21.966],[112.391,21.956],[112.397,22.069],[112.357,21.98],[112.402,21.801],[112.286,21.709],[112.182,21.753],[112.193,21.843],[112.028,21.797],[112.041,21.884],[111.969,21.824],[111.89,21.925],[111.904,21.815],[112.0,21.774],[111.868,21.677],[111.835,21.767],[111.678,21.781],[111.761,21.726],[111.747,21.644],[111.788,21.616],[111.713,21.623],[111.63,21.53],[111.582,21.582],[111.596,21.534],[111.476,21.514],[111.432,21.603],[111.438,21.534],[111.363,21.541],[111.404,21.527],[111.267,21.439],[111.301,21.499],[111.192,21.531],[111.158,21.514],[111.226,21.499],[111.088,21.473],[111.13,21.499],[111.028,21.541],[110.98,21.445],[111.042,21.485],[111.069,21.473],[110.993,21.425],[110.768,21.398],[110.651,21.26],[110.678,21.349],[110.643,21.322],[110.636,21.37],[110.755,21.413],[110.76,21.445],[110.636,21.381],[110.636,21.23],[110.575,21.247],[110.589,21.226],[110.481,21.217],[110.431,21.191],[110.424,21.288],[110.479,21.273],[110.445,21.308],[110.486,21.336],[110.434,21.309],[110.437,21.398],[110.358,21.436],[110.389,21.329],[110.328,21.336],[110.408,21.238],[110.399,21.177],[110.219,21.028],[110.196,21.071],[110.143,20.992],[110.157,20.849],[110.369,20.849],[110.409,20.751],[110.356,20.732],[110.342,20.822],[110.301,20.657],[110.328,20.678],[110.314,20.637],[110.479,20.568],[110.534,20.478],[110.407,20.305],[110.28,20.253],[110.128,20.248],[110.038,20.302],[109.917,20.239],[109.929,20.326],[109.863,20.406],[109.904,20.431],[109.982,20.352],[110.01,20.434],[109.931,20.506],[109.917,20.445],[109.822,20.517],[109.848,20.596],[109.821,20.555],[109.752,20.674],[109.86,20.715],[109.787,20.691],[109.76,20.855],[109.739,20.808],[109.704,20.842],[109.718,20.808],[109.661,20.928],[109.712,21.034],[109.67,21.123],[109.773,21.215],[109.766,21.356],[109.924,21.363],[109.944,21.493],[109.841,21.507],[109.814,21.458],[109.773,21.582],[109.773,21.486],[109.65,21.52],[109.677,21.623],[109.608,21.575],[109.615,21.65],[109.561,21.671],[109.594,21.746],[109.465,21.664],[109.573,21.582],[109.531,21.492],[109.424,21.452],[109.321,21.48],[109.245,21.432],[109.239,21.486],[109.215,21.417],[109.149,21.439],[109.139,21.402],[109.04,21.45],[109.143,21.51],[109.136,21.603],[109.046,21.603],[109.067,21.644],[108.928,21.615],[108.855,21.685],[108.924,21.767],[108.869,21.754],[108.861,21.815],[108.801,21.818],[108.844,21.745],[108.78,21.726],[108.861,21.644],[108.745,21.603],[108.725,21.746],[108.683,21.705],[108.649,21.733],[108.683,21.74],[108.646,21.751],[108.677,21.815],[108.594,21.74],[108.571,21.813],[108.636,21.89],[108.56,21.895],[108.573,21.952],[108.491,21.856],[108.478,21.945],[108.458,21.918],[108.505,21.788],[108.478,21.699],[108.505,21.671],[108.52,21.713],[108.533,21.719],[108.519,21.671],[108.565,21.679],[108.471,21.562],[108.39,21.575],[108.471,21.671],[108.386,21.673],[108.341,21.726],[108.284,21.545],[108.211,21.501],[108.253,21.589],[108.206,21.643],[108.176,21.576],[107.991,21.548],[108.04,21.52],[108.022,21.486],[108.081,21.486],[107.971,21.432],[107.991,21.486],[107.812,21.648],[107.501,21.582],[107.426,21.652],[107.348,21.599],[107.273,21.718],[107.172,21.715],[107.003,21.811],[107.009,21.927],[106.92,21.917],[106.729,22.008],[106.653,21.969],[106.663,22.223],[106.634,22.309],[106.542,22.345],[106.527,22.438],[106.577,22.595],[106.68,22.579],[106.79,22.797],[106.488,22.925],[106.255,22.855],[106.132,22.975],[105.999,22.975],[105.854,22.905],[105.69,23.044],[105.552,23.06],[105.528,23.156],[105.312,23.366],[105.201,23.254],[104.87,23.164],[104.798,23.086],[104.824,22.924],[104.701,22.818],[104.554,22.836],[104.34,22.686],[104.237,22.742],[104.241,22.824],[104.087,22.792],[103.96,22.507],[103.647,22.799],[103.59,22.768],[103.504,22.581],[103.402,22.738],[103.31,22.788],[103.029,22.43],[102.903,22.477],[102.832,22.6],[102.587,22.716],[102.536,22.696],[102.468,22.769],[102.356,22.67],[102.384,22.629],[102.218,22.411],[102.107,22.398],[101.995,22.447],[101.892,22.43],[101.868,22.379],[101.755,22.496],[101.689,22.479],[101.601,22.277],[101.516,22.245],[101.607,21.968],[101.751,21.816],[101.729,21.718],[101.804,21.626],[101.736,21.571],[101.715,21.321],[101.824,21.234],[101.756,21.143],[101.582,21.176],[101.584,21.224],[101.518,21.243],[101.244,21.193],[101.209,21.246],[101.233,21.372],[101.171,21.403],[101.169,21.638],[101.083,21.767],[100.835,21.658],[100.622,21.469],[100.457,21.455],[100.342,21.53],[100.187,21.428],[100.09,21.529],[100.143,21.655],[99.95,21.721],[99.942,22.046],[99.848,22.055],[99.821,22.018],[99.724,22.071],[99.684,22.039],[99.539,22.107],[99.253,22.103],[99.144,22.154],[99.243,22.393],[99.358,22.495],[99.308,22.745],[99.414,22.857],[99.413,22.931],[99.538,22.926],[99.493,23.057],[99.334,23.13],[99.217,23.057],[99.055,23.11],[99.026,23.16],[98.859,23.179],[98.911,23.298],[98.853,23.325],[98.89,23.407],[98.781,23.533],[98.856,23.61],[98.793,23.758],[98.664,23.797],[98.659,23.961],[98.856,24.084],[98.866,24.146],[98.585,24.076],[98.435,24.13],[98.105,24.102],[97.89,24.023],[97.625,23.847],[97.516,23.943],[97.72,24.147],[97.718,24.278],[97.645,24.302],[97.69,24.346],[97.647,24.432],[97.513,24.439],[97.533,24.723],[97.664,24.83],[97.765,24.835],[97.7,25.065],[97.801,25.238],[97.91,25.208],[98.045,25.312],[98.112,25.396],[98.14,25.611],[98.312,25.557],[98.498,25.831],[98.61,25.801],[98.69,25.866],[98.582,25.982],[98.546,26.106],[98.619,26.146],[98.644,26.098],[98.706,26.175],[98.642,26.255],[98.756,26.625],[98.715,26.862],[98.738,27.049],[98.673,27.176],[98.708,27.337],[98.674,27.586],[98.41,27.684],[98.383,27.556],[98.295,27.537],[98.14,27.879],[98.177,27.913],[98.107,27.973],[98.127,28.124],[97.991,28.214],[97.993,28.269],[97.898,28.355],[97.765,28.352],[97.7,28.488],[97.614,28.482],[97.546,28.538],[97.445,28.383],[97.448,28.298],[97.323,28.217]]],[[[120.0,26.611],[119.884,26.523],[119.836,26.531],[119.854,26.598],[119.984,26.654],[120.0,26.707],[120.0,26.611]]],[[[110.935,19.995],[111.035,19.642],[110.966,19.636],[110.876,19.54],[110.822,19.568],[110.863,19.609],[110.806,19.613],[110.796,19.485],[110.67,19.382],[110.58,19.155],[110.479,19.169],[110.555,19.087],[110.582,19.15],[110.513,18.906],[110.431,18.821],[110.493,18.793],[110.503,18.882],[110.534,18.786],[110.469,18.777],[110.403,18.663],[110.335,18.673],[110.411,18.69],[110.403,18.704],[110.271,18.668],[110.088,18.504],[110.034,18.512],[110.083,18.478],[110.04,18.382],[109.969,18.39],[110.014,18.409],[110.021,18.451],[109.835,18.382],[109.746,18.396],[109.732,18.273],[109.67,18.273],[109.739,18.259],[109.709,18.207],[109.677,18.245],[109.561,18.169],[109.561,18.259],[109.479,18.193],[109.507,18.253],[109.44,18.289],[109.163,18.288],[109.136,18.361],[108.991,18.369],[108.685,18.515],[108.694,18.72],[108.624,18.849],[108.656,18.944],[108.615,19.102],[108.683,19.156],[108.627,19.275],[108.687,19.378],[108.945,19.492],[109.008,19.597],[109.157,19.65],[109.211,19.725],[109.307,19.711],[109.273,19.794],[109.163,19.725],[109.167,19.805],[109.255,19.898],[109.311,19.92],[109.465,19.834],[109.582,19.856],[109.52,19.882],[109.557,19.917],[109.527,19.951],[109.719,20.011],[109.718,19.958],[109.808,19.951],[109.816,19.991],[109.835,19.931],[109.943,19.991],[109.99,19.906],[110.014,19.958],[110.123,19.974],[110.15,20.007],[110.068,19.985],[110.157,20.067],[110.345,20.058],[110.418,19.923],[110.383,20.081],[110.575,19.999],[110.606,19.923],[110.566,20.07],[110.678,20.164],[110.788,20.01],[110.935,19.995]]],[[[111.99,21.658],[112.0,21.621],[111.809,21.565],[111.835,21.644],[111.99,21.658]]],[[[112.655,21.698],[112.65,21.64],[112.519,21.607],[112.556,21.678],[112.655,21.698]]],[[[112.863,21.769],[112.798,21.706],[112.811,21.589],[112.765,21.582],[112.734,21.629],[112.774,21.692],[112.712,21.703],[112.778,21.773],[112.863,21.769]]],[[[113.383,22.09],[113.406,22.007],[113.309,22.024],[113.383,22.09]]],[[[113.354,22.131],[113.314,22.076],[113.269,22.088],[113.315,22.154],[113.354,22.131]]],[[[113.603,22.772],[113.558,22.758],[113.396,22.898],[113.476,22.901],[113.603,22.772]]],[[[116.943,23.43],[117.126,23.483],[117.129,23.399],[116.943,23.43]]],[[[117.504,23.75],[117.48,23.663],[117.421,23.646],[117.432,23.583],[117.32,23.574],[117.394,23.679],[117.341,23.689],[117.373,23.767],[117.504,23.75]]],[[[119.258,26.048],[119.391,25.967],[119.258,26.001],[119.209,26.099],[119.258,26.048]]],[[[119.901,32.082],[119.792,32.122],[119.819,32.204],[119.716,32.273],[119.814,32.276],[119.901,32.082]]],[[[110.606,20.954],[110.63,20.926],[110.589,20.883],[110.548,20.918],[110.606,20.954]]],[[[110.526,21.082],[110.517,20.938],[110.441,21.006],[110.246,20.986],[110.273,21.061],[110.31,21.053],[110.335,21.069],[110.287,21.074],[110.39,21.096],[110.418,21.041],[110.526,21.082]]],[[[110.617,21.199],[110.543,21.105],[110.418,21.185],[110.543,21.204],[110.555,21.157],[110.617,21.199]]],[[[118.112,24.546],[118.189,24.503],[118.136,24.429],[118.07,24.46],[118.112,24.546]]],[[[119.875,25.557],[119.799,25.516],[119.847,25.461],[119.772,25.451],[119.757,25.405],[119.704,25.424],[119.678,25.501],[119.778,25.522],[119.716,25.536],[119.714,25.631],[119.782,25.659],[119.875,25.557]]],[[[109.128,21.032],[109.1,21.061],[109.123,21.065],[109.128,21.032]]],[[[110.437,20.668],[110.457,20.587],[110.418,20.655],[110.437,20.668]]],[[[113.258,21.947],[113.258,21.88],[113.222,21.914],[113.258,21.947]]],[[[113.772,22.0],[113.764,21.967],[113.736,21.997],[113.772,22.0]]],[[[114.304,22.069],[114.222,22.022],[114.207,22.026],[114.304,22.069]]],[[[113.466,22.102],[113.519,22.127],[113.548,22.093],[113.485,22.071],[113.466,22.102]]],[[[113.612,22.43],[113.658,22.424],[113.621,22.391],[113.612,22.43]]],[[[113.56,22.735],[113.636,22.656],[113.642,22.602],[113.477,22.72],[113.56,22.735]]],[[[113.529,22.949],[113.554,22.911],[113.545,22.88],[113.51,22.921],[113.529,22.949]]],[[[117.005,23.563],[116.971,23.515],[116.937,23.526],[116.974,23.559],[117.005,23.563]]],[[[119.561,25.209],[119.529,25.165],[119.445,25.229],[119.47,25.252],[119.561,25.209]]],[[[119.346,25.561],[119.335,25.438],[119.297,25.423],[119.282,25.483],[119.346,25.561]]],[[[119.599,26.128],[119.62,26.064],[119.554,26.096],[119.599,26.128]]],[[[118.649,39.056],[118.594,38.972],[118.48,38.935],[118.488,39.05],[118.56,39.003],[118.649,39.056]]]]}},{"type":"Feature","properties":{"name":"Bhutan","iso":"BTN"},"geometry":{"type":"Polygon","coordinates":[[[90.493,28.074],[90.684,28.087],[91.052,27.963],[91.29,28.091],[91.419,27.995],[91.638,27.94],[91.628,27.853],[91.564,27.851],[91.636,27.783],[91.573,27.62],[91.595,27.546],[91.727,27.46],[92.024,27.447],[92.089,27.292],[91.988,27.104],[92.067,26.995],[92.073,26.888],[91.975,26.847],[91.893,26.881],[91.879,26.803],[91.825,26.858],[91.521,26.798],[91.42,26.872],[91.297,26.775],[91.062,26.805],[90.717,26.767],[90.588,26.78],[90.349,26.897],[90.177,26.832],[90.127,26.751],[89.835,26.732],[89.814,26.696],[89.61,26.712],[89.586,26.784],[89.342,26.854],[89.097,26.821],[89.022,26.913],[88.932,26.919],[88.907,26.981],[88.852,26.945],[88.828,27.098],[88.73,27.151],[88.754,27.213],[88.915,27.331],[88.997,27.331],[88.951,27.433],[88.978,27.53],[89.064,27.616],[89.125,27.615],[89.225,27.808],[89.336,27.869],[89.561,28.135],[89.756,28.184],[89.916,28.316],[90.226,28.358],[90.291,28.261],[90.387,28.299],[90.588,28.233],[90.486,28.125],[90.493,28.074]]]}},{"type":"Feature","properties":{"name":"Oman","iso":"OMN"},"geometry":{"type":"MultiPolygon","coordinates":[[[[56.291,25.328],[56.344,25.267],[56.208,25.221],[56.234,25.313],[56.291,25.328]],[[56.263,25.249],[56.288,25.272],[56.265,25.281],[56.263,25.249]]],[[[56.077,26.061],[56.208,26.263],[56.212,26.208],[56.404,26.215],[56.308,26.222],[56.316,26.29],[56.364,26.28],[56.322,26.31],[56.364,26.386],[56.462,26.332],[56.501,26.359],[56.509,26.324],[56.399,26.269],[56.487,26.235],[56.432,26.222],[56.48,26.146],[56.377,26.174],[56.391,26.201],[56.329,26.173],[56.336,26.112],[56.364,26.146],[56.364,26.105],[56.473,26.099],[56.38,26.038],[56.453,25.947],[56.384,25.926],[56.364,25.807],[56.274,25.709],[56.279,25.627],[56.206,25.618],[56.145,25.671],[56.183,26.015],[56.163,26.074],[56.077,26.061]]],[[[56.383,24.978],[56.611,24.496],[56.939,24.116],[57.184,23.934],[57.796,23.782],[57.888,23.721],[58.132,23.713],[58.317,23.621],[58.584,23.647],[58.659,23.562],[58.762,23.542],[59.088,23.048],[59.232,22.943],[59.298,22.793],[59.516,22.562],[59.627,22.58],[59.753,22.494],[59.746,22.538],[59.803,22.535],[59.845,22.445],[59.825,22.281],[59.344,21.445],[59.054,21.277],[58.68,20.828],[58.668,20.772],[58.728,20.767],[58.592,20.644],[58.519,20.417],[58.446,20.359],[58.203,20.405],[58.264,20.588],[58.206,20.613],[58.091,20.567],[58.076,20.48],[57.956,20.4],[57.967,20.33],[57.856,20.261],[57.814,19.977],[57.689,19.728],[57.704,19.549],[57.774,19.41],[57.751,19.268],[57.84,19.015],[57.71,18.944],[57.208,18.91],[56.808,18.746],[56.641,18.559],[56.561,18.149],[56.356,17.94],[56.031,17.943],[55.445,17.841],[55.228,17.539],[55.301,17.417],[55.26,17.234],[55.021,17.011],[55.0,20.06],[55.638,21.979],[55.187,22.704],[55.195,23.025],[55.538,23.77],[55.531,23.875],[55.457,23.963],[55.647,24.025],[55.807,24.007],[55.998,24.081],[55.933,24.221],[55.756,24.23],[55.811,24.389],[55.76,24.559],[55.818,24.643],[55.799,24.886],[55.897,24.969],[55.978,24.972],[56.029,24.861],[55.958,24.869],[56.078,24.73],[56.308,24.895],[56.329,24.973],[56.383,24.978]]],[[[55.836,17.491],[55.863,17.519],[55.891,17.505],[55.836,17.491]]],[[[56.055,17.56],[56.096,17.519],[55.973,17.498],[55.964,17.52],[56.055,17.56]]],[[[58.906,20.698],[58.95,20.509],[58.844,20.437],[58.785,20.28],[58.652,20.17],[58.648,20.369],[58.769,20.452],[58.906,20.698]]]]}},{"type":"Feature","properties":{"name":"Uzbekistan","iso":"UZB"},"geometry":{"type":"MultiPolygon","coordinates":[[[[71.761,39.984],[71.757,39.903],[71.666,39.94],[71.761,39.984]]],[[[71.201,40.264],[70.622,40.2],[70.524,40.344],[70.371,40.365],[70.37,40.476],[70.478,40.505],[70.767,40.738],[70.637,40.771],[70.629,40.816],[70.705,40.807],[70.446,41.026],[70.364,41.032],[70.28,40.878],[69.718,40.636],[69.509,40.775],[69.355,40.78],[69.309,40.596],[69.198,40.567],[69.313,40.343],[69.305,40.294],[69.208,40.298],[69.285,40.195],[69.019,40.232],[68.581,40.164],[68.687,40.11],[68.931,40.147],[68.987,40.092],[68.813,40.039],[68.775,40.08],[68.881,39.878],[68.838,39.865],[68.759,39.981],[68.787,39.882],[68.742,39.82],[68.685,39.868],[68.626,39.85],[68.6,39.643],[68.517,39.548],[68.338,39.528],[67.718,39.623],[67.488,39.538],[67.491,39.49],[67.427,39.477],[67.35,39.22],[67.668,39.132],[67.691,38.99],[68.101,38.979],[68.173,38.845],[68.067,38.788],[68.055,38.536],[68.108,38.418],[68.361,38.174],[68.249,37.949],[68.122,37.908],[68.05,37.76],[67.829,37.528],[67.781,37.189],[67.633,37.254],[67.561,37.22],[67.503,37.282],[67.259,37.185],[67.006,37.384],[66.694,37.343],[66.495,37.379],[66.547,37.451],[66.493,37.522],[66.519,37.783],[66.646,37.946],[66.624,37.994],[65.877,38.273],[65.74,38.224],[65.604,38.237],[64.978,38.612],[64.635,38.744],[64.337,38.971],[64.121,38.962],[63.709,39.191],[63.478,39.403],[62.525,39.94],[62.442,40.036],[62.353,40.43],[62.192,40.499],[62.134,40.578],[62.037,40.736],[61.979,40.999],[61.878,41.125],[61.654,41.249],[61.433,41.3],[61.281,41.157],[60.86,41.253],[60.478,41.212],[60.094,41.39],[60.072,41.514],[60.165,41.585],[60.049,41.753],[60.102,41.795],[60.251,41.794],[60.089,41.919],[59.908,41.98],[66.492,41.997],[66.603,41.494],[66.733,41.158],[67.835,41.157],[67.937,41.2],[68.034,41.043],[68.117,41.067],[68.131,41.03],[68.081,40.873],[67.991,40.811],[68.462,40.585],[68.614,40.609],[68.609,40.716],[68.56,40.751],[68.571,40.914],[68.689,40.965],[68.774,41.087],[69.031,41.209],[69.044,41.379],[69.217,41.46],[69.402,41.475],[69.394,41.545],[69.625,41.668],[69.912,41.713],[70.294,42.0],[70.831,42.0],[70.814,41.92],[70.649,41.887],[70.454,41.712],[70.169,41.578],[70.167,41.52],[70.344,41.494],[70.453,41.405],[70.668,41.471],[70.769,41.352],[70.77,41.239],[71.025,41.19],[71.18,41.108],[71.206,41.189],[71.276,41.113],[71.325,41.157],[71.416,41.127],[71.419,41.347],[71.524,41.297],[71.586,41.324],[71.637,41.431],[71.595,41.494],[71.671,41.547],[71.672,41.425],[71.745,41.453],[71.847,41.342],[71.872,41.194],[72.034,41.157],[72.158,41.188],[72.165,40.999],[72.332,41.073],[72.658,40.867],[72.869,40.864],[72.87,40.818],[73.003,40.87],[73.143,40.834],[73.118,40.783],[72.784,40.67],[72.748,40.575],[72.664,40.578],[72.625,40.511],[72.352,40.602],[72.363,40.512],[72.426,40.459],[72.394,40.389],[72.166,40.454],[71.957,40.316],[72.019,40.24],[71.836,40.249],[71.707,40.144],[71.628,40.259],[71.593,40.198],[71.521,40.204],[71.254,40.324],[71.201,40.264]],[[70.55,41.015],[70.608,40.951],[70.645,40.935],[70.617,40.994],[70.55,41.015]]],[[[57.153,41.994],[56.95,41.866],[57.02,41.466],[57.161,41.368],[57.03,41.263],[55.978,41.322],[55.978,42.0],[57.153,41.994]]],[[[71.009,40.158],[71.244,40.047],[71.175,39.994],[71.208,39.889],[71.022,39.881],[71.046,39.992],[70.954,40.096],[71.009,40.158]]]]}},{"type":"Feature","properties":{"name":"Kazakhstan","iso":"KAZ"},"geometry":{"type":"MultiPolygon","coordinates":[[[[70.29,41.994],[69.912,41.713],[69.625,41.668],[69.394,41.545],[69.402,41.475],[69.217,41.46],[69.036,41.374],[69.031,41.209],[68.774,41.087],[68.689,40.965],[68.571,40.914],[68.56,40.751],[68.609,40.716],[68.614,40.609],[68.462,40.585],[67.991,40.811],[68.081,40.873],[68.131,41.03],[68.117,41.067],[68.034,41.043],[67.937,41.2],[67.835,41.157],[66.733,41.158],[66.603,41.494],[66.504,41.993],[66.013,42.0],[70.29,41.994]]],[[[55.978,42.0],[55.978,41.322],[55.509,41.259],[55.228,41.473],[55.0,41.746],[55.0,42.0],[55.978,42.0]]]]}},{"type":"Feature","properties":{"name":"Tajikistan","iso":"TJK"},"geometry":{"type":"MultiPolygon","coordinates":[[[[70.55,41.015],[70.63,40.976],[70.645,40.935],[70.55,41.015]]],[[[70.98,40.214],[70.666,40.104],[70.614,39.976],[70.477,39.901],[70.451,39.937],[70.525,40.034],[70.005,40.209],[69.575,40.104],[69.518,40.125],[69.463,40.025],[69.502,39.922],[69.405,39.896],[69.314,39.987],[69.241,39.829],[69.286,39.54],[69.669,39.578],[69.979,39.534],[70.04,39.574],[70.149,39.554],[70.201,39.619],[70.223,39.519],[70.477,39.601],[70.622,39.564],[70.713,39.398],[70.77,39.382],[70.903,39.421],[70.977,39.395],[71.096,39.512],[71.249,39.514],[71.46,39.612],[71.531,39.553],[71.513,39.459],[71.74,39.448],[71.711,39.321],[71.751,39.274],[72.05,39.369],[72.095,39.275],[72.229,39.189],[72.316,39.329],[72.519,39.376],[73.168,39.355],[73.326,39.391],[73.368,39.444],[73.604,39.46],[73.644,39.351],[73.608,39.207],[73.826,38.977],[73.681,38.873],[73.816,38.587],[74.029,38.527],[74.037,38.598],[74.123,38.669],[74.334,38.667],[74.833,38.464],[74.838,38.379],[74.771,38.292],[74.791,38.081],[74.88,38.022],[74.886,37.831],[74.965,37.767],[74.892,37.599],[75.164,37.401],[74.892,37.231],[74.66,37.394],[74.521,37.376],[74.316,37.427],[74.224,37.403],[74.188,37.338],[73.709,37.217],[73.597,37.262],[73.739,37.338],[73.753,37.428],[73.485,37.481],[73.296,37.465],[73.068,37.315],[72.791,37.22],[72.658,37.029],[72.26,36.967],[71.837,36.699],[71.653,36.687],[71.553,36.77],[71.431,37.067],[71.53,37.761],[71.59,37.816],[71.598,37.898],[71.537,37.944],[71.341,37.893],[71.258,37.926],[71.358,38.251],[70.951,38.473],[70.936,38.433],[70.665,38.405],[70.47,38.121],[70.254,37.973],[70.262,37.939],[70.172,37.946],[70.283,37.705],[70.158,37.541],[70.008,37.549],[69.919,37.617],[69.509,37.579],[69.378,37.437],[69.442,37.224],[69.324,37.121],[69.246,37.104],[68.985,37.32],[68.888,37.338],[68.916,37.279],[68.836,37.329],[68.82,37.251],[68.669,37.278],[68.627,37.206],[68.288,37.103],[68.278,37.01],[68.186,37.018],[68.033,36.925],[67.785,37.097],[67.829,37.528],[68.05,37.76],[68.122,37.908],[68.249,37.949],[68.356,38.213],[68.184,38.335],[68.055,38.536],[68.067,38.788],[68.173,38.845],[68.101,38.979],[67.691,38.99],[67.668,39.132],[67.35,39.22],[67.427,39.477],[67.491,39.49],[67.488,39.538],[67.718,39.623],[68.338,39.528],[68.517,39.548],[68.6,39.643],[68.626,39.85],[68.685,39.868],[68.742,39.82],[68.787,39.882],[68.759,39.981],[68.838,39.865],[68.881,39.878],[68.775,40.08],[68.813,40.039],[68.987,40.092],[68.931,40.147],[68.687,40.11],[68.581,40.164],[69.019,40.232],[69.285,40.195],[69.208,40.298],[69.305,40.294],[69.313,40.343],[69.198,40.567],[69.309,40.596],[69.355,40.78],[69.509,40.775],[69.718,40.636],[70.28,40.878],[70.401,41.04],[70.705,40.807],[70.629,40.816],[70.637,40.771],[70.767,40.738],[70.478,40.505],[70.37,40.476],[70.371,40.365],[70.524,40.344],[70.622,40.2],[70.98,40.214]]],[[[70.484,39.882],[70.699,39.858],[70.705,39.822],[70.582,39.767],[70.484,39.882]]]]}},{"type":"Feature","properties":{"name":"Mongolia","iso":"MNG"},"geometry":{"type":"Polygon","coordinates":[[[105.869,41.993],[105.201,41.743],[104.974,41.586],[104.892,41.645],[104.505,41.657],[104.501,41.871],[103.721,41.756],[103.086,42.0],[105.869,41.993]]]}},{"type":"Feature","properties":{"name":"Vietnam","iso":"VNM"},"geometry":{"type":"MultiPolygon","coordinates":[[[[107.522,14.719],[107.491,14.804],[107.558,14.887],[107.462,14.957],[107.446,15.025],[107.589,15.058],[107.664,15.269],[107.573,15.411],[107.494,15.42],[107.487,15.481],[107.369,15.496],[107.149,15.773],[107.186,15.859],[107.376,15.919],[107.445,16.01],[107.436,16.069],[107.299,16.064],[107.142,16.177],[107.108,16.267],[106.957,16.307],[106.856,16.415],[106.847,16.53],[106.742,16.422],[106.671,16.444],[106.64,16.587],[106.541,16.659],[106.525,16.989],[106.411,16.996],[106.285,17.285],[106.185,17.257],[105.723,17.673],[105.467,18.181],[105.41,18.202],[105.366,18.151],[105.295,18.196],[105.293,18.253],[105.166,18.307],[105.08,18.454],[105.114,18.581],[105.169,18.615],[105.113,18.698],[104.71,18.796],[104.498,18.968],[104.211,19.101],[104.148,19.183],[103.848,19.3],[104.09,19.484],[104.001,19.681],[104.089,19.652],[104.229,19.706],[104.295,19.655],[104.38,19.685],[104.506,19.603],[104.614,19.607],[104.676,19.725],[104.805,19.791],[104.817,19.848],[104.756,19.867],[104.781,19.908],[104.949,19.995],[104.964,20.076],[104.908,20.175],[104.819,20.221],[104.657,20.213],[104.681,20.341],[104.576,20.414],[104.36,20.44],[104.445,20.535],[104.543,20.536],[104.615,20.646],[104.389,20.771],[104.279,20.892],[104.092,20.961],[103.785,20.846],[103.676,20.657],[103.44,20.816],[103.348,20.789],[103.115,20.868],[102.889,21.166],[102.888,21.227],[102.801,21.255],[102.875,21.305],[102.918,21.45],[102.85,21.425],[102.974,21.575],[102.948,21.737],[102.847,21.704],[102.807,21.836],[102.752,21.681],[102.651,21.658],[102.591,21.901],[102.478,21.958],[102.483,22.021],[102.207,22.245],[102.119,22.398],[102.218,22.411],[102.443,22.765],[102.832,22.6],[102.903,22.477],[103.029,22.43],[103.31,22.788],[103.402,22.738],[103.504,22.581],[103.59,22.768],[103.647,22.799],[103.96,22.507],[104.087,22.792],[104.241,22.824],[104.237,22.742],[104.34,22.686],[104.554,22.836],[104.701,22.818],[104.824,22.924],[104.798,23.086],[104.87,23.164],[105.201,23.254],[105.312,23.366],[105.528,23.156],[105.552,23.06],[105.69,23.044],[105.854,22.905],[105.999,22.975],[106.132,22.975],[106.255,22.855],[106.488,22.925],[106.79,22.797],[106.68,22.579],[106.577,22.595],[106.527,22.438],[106.542,22.345],[106.634,22.309],[106.663,22.223],[106.653,21.969],[106.729,22.008],[106.92,21.917],[107.009,21.927],[107.003,21.811],[107.172,21.715],[107.273,21.718],[107.348,21.599],[107.426,21.652],[107.501,21.582],[107.778,21.656],[107.991,21.486],[107.93,21.443],[107.91,21.527],[107.836,21.488],[107.827,21.527],[107.821,21.493],[107.767,21.52],[107.786,21.458],[107.635,21.383],[107.591,21.294],[107.522,21.349],[107.527,21.299],[107.415,21.329],[107.443,21.288],[107.361,21.239],[107.374,21.028],[107.211,20.992],[107.197,20.938],[107.066,20.959],[107.149,21.041],[107.046,21.0],[107.045,21.025],[107.026,21.034],[107.001,20.951],[106.854,20.992],[106.943,20.91],[106.874,20.938],[106.868,20.883],[106.772,20.957],[106.821,20.976],[106.798,21.025],[106.642,21.02],[106.755,20.939],[106.744,20.883],[106.7,20.883],[106.806,20.678],[106.767,20.713],[106.663,20.698],[106.703,20.66],[106.638,20.628],[106.587,20.663],[106.625,20.595],[106.519,20.541],[106.58,20.547],[106.58,20.478],[106.519,20.437],[106.594,20.448],[106.56,20.376],[106.593,20.275],[106.582,20.264],[106.537,20.309],[106.498,20.308],[106.57,20.232],[106.381,20.212],[106.176,19.992],[106.107,19.965],[106.107,20.033],[106.084,19.965],[106.025,19.999],[105.956,19.925],[105.929,19.794],[105.867,19.773],[105.923,19.767],[105.819,19.588],[105.818,19.61],[105.804,19.613],[105.791,19.603],[105.813,19.423],[105.771,19.403],[105.809,19.28],[105.743,19.232],[105.737,19.108],[105.644,19.065],[105.613,18.986],[105.752,18.786],[105.751,18.663],[105.764,18.759],[105.879,18.511],[106.093,18.259],[106.271,18.204],[106.346,18.133],[106.306,18.1],[106.347,18.059],[106.435,18.124],[106.525,17.95],[106.436,17.882],[106.498,17.711],[106.375,17.765],[106.285,17.772],[106.429,17.731],[106.383,17.719],[106.409,17.683],[106.417,17.713],[106.504,17.683],[106.764,17.336],[107.112,17.088],[107.204,16.919],[107.142,16.868],[107.216,16.908],[107.635,16.587],[107.443,16.648],[107.663,16.552],[107.663,16.497],[107.697,16.52],[107.841,16.38],[107.797,16.387],[107.812,16.313],[107.896,16.278],[107.93,16.353],[108.043,16.346],[108.094,16.237],[108.054,16.236],[108.204,16.217],[108.142,16.148],[108.198,16.072],[108.228,16.09],[108.198,16.004],[108.259,16.011],[108.245,16.162],[108.331,16.155],[108.314,16.1],[108.266,16.107],[108.279,15.996],[108.375,15.869],[108.41,15.881],[108.619,15.529],[108.683,15.518],[108.629,15.456],[108.697,15.49],[108.773,15.325],[108.821,15.346],[108.789,15.374],[108.827,15.429],[108.887,15.286],[108.952,15.25],[108.862,15.152],[108.91,15.147],[108.986,14.837],[109.086,14.715],[109.061,14.564],[109.239,14.133],[109.173,14.157],[109.307,13.876],[109.304,13.759],[109.27,13.756],[109.251,13.891],[109.221,13.806],[109.294,13.53],[109.219,13.647],[109.21,13.631],[109.34,13.465],[109.307,13.407],[109.245,13.485],[109.232,13.393],[109.307,13.353],[109.259,13.298],[109.294,13.236],[109.318,13.289],[109.307,13.133],[109.465,12.913],[109.458,12.852],[109.438,12.879],[109.369,12.825],[109.472,12.656],[109.451,12.571],[109.403,12.687],[109.376,12.639],[109.342,12.66],[109.39,12.712],[109.359,12.797],[109.205,12.646],[109.205,12.55],[109.249,12.586],[109.237,12.522],[109.346,12.396],[109.297,12.351],[109.185,12.459],[109.15,12.44],[109.242,12.305],[109.177,12.277],[109.225,12.201],[109.198,12.208],[109.188,12.206],[109.184,12.194],[109.294,11.871],[109.225,11.879],[109.219,12.016],[109.177,12.129],[109.208,11.977],[109.126,11.864],[109.163,11.824],[109.205,11.868],[109.243,11.736],[109.136,11.57],[109.02,11.633],[109.006,11.344],[108.838,11.331],[108.729,11.182],[108.531,11.153],[108.3,10.913],[108.259,10.952],[108.106,10.918],[107.998,10.699],[107.824,10.692],[107.511,10.502],[107.334,10.454],[107.272,10.378],[107.19,10.405],[107.218,10.426],[107.217,10.434],[107.176,10.477],[106.991,10.481],[107.033,10.526],[107.032,10.607],[107.024,10.656],[106.984,10.699],[107.027,10.544],[106.991,10.625],[107.011,10.522],[106.964,10.467],[106.943,10.601],[106.882,10.652],[106.748,10.674],[106.772,10.604],[106.752,10.576],[106.733,10.522],[106.656,10.522],[106.594,10.439],[106.58,10.488],[106.582,10.453],[106.597,10.433],[106.615,10.437],[106.656,10.474],[106.69,10.433],[106.741,10.468],[106.791,10.285],[106.422,10.317],[106.798,10.157],[106.737,10.054],[106.697,10.084],[106.649,9.974],[106.469,10.059],[106.36,10.221],[106.292,10.262],[106.462,10.036],[106.696,9.897],[106.669,9.843],[106.663,9.884],[106.587,9.823],[106.145,10.229],[106.113,10.234],[106.575,9.739],[106.544,9.585],[106.385,9.548],[105.933,9.955],[105.819,10.008],[106.073,9.748],[106.197,9.541],[106.193,9.369],[105.539,9.129],[105.408,9.001],[105.315,8.812],[105.101,8.634],[104.856,8.566],[104.729,8.6],[104.833,8.699],[104.912,8.685],[104.963,8.719],[104.853,8.713],[104.929,8.747],[104.922,8.809],[104.817,8.771],[104.775,8.818],[104.857,9.738],[104.893,9.851],[104.97,9.854],[105.055,9.933],[105.113,9.857],[105.107,9.953],[105.003,10.092],[104.901,10.097],[104.772,10.227],[104.613,10.144],[104.589,10.261],[104.499,10.371],[104.525,10.419],[104.47,10.378],[104.451,10.42],[104.567,10.528],[104.854,10.531],[105.067,10.714],[105.011,10.884],[105.078,10.947],[105.318,10.839],[105.41,10.963],[105.474,10.941],[105.753,11.016],[105.879,10.828],[105.931,10.896],[106.177,10.767],[106.122,10.925],[106.188,10.976],[106.16,11.054],[106.114,11.087],[106.087,11.056],[105.844,11.29],[105.872,11.443],[105.805,11.625],[105.934,11.643],[106.015,11.77],[106.426,11.662],[106.398,11.762],[106.439,11.864],[106.394,11.97],[106.702,11.971],[106.772,12.066],[106.953,12.081],[107.212,12.306],[107.32,12.329],[107.416,12.254],[107.514,12.344],[107.565,12.606],[107.46,13.022],[107.607,13.37],[107.604,13.499],[107.443,13.783],[107.431,13.984],[107.355,14.002],[107.32,14.12],[107.352,14.342],[107.477,14.475],[107.522,14.719]]],[[[106.093,9.761],[106.292,9.586],[106.284,9.544],[106.244,9.535],[106.249,9.56],[106.197,9.61],[106.227,9.565],[106.197,9.572],[106.126,9.672],[106.093,9.761]]],[[[106.747,10.263],[106.724,10.227],[106.512,10.296],[106.588,10.277],[106.747,10.263]]],[[[107.172,10.465],[107.211,10.426],[107.087,10.323],[107.079,10.391],[107.172,10.465]]],[[[106.958,10.426],[106.888,10.371],[106.888,10.505],[106.948,10.507],[106.922,10.426],[106.958,10.426]]],[[[106.903,10.522],[106.854,10.563],[106.871,10.608],[106.854,10.631],[106.929,10.598],[106.903,10.522]]],[[[109.336,12.218],[109.288,12.189],[109.245,12.228],[109.273,12.236],[109.336,12.218]]],[[[106.666,8.763],[106.656,8.699],[106.583,8.651],[106.571,8.706],[106.666,8.763]]],[[[106.486,9.903],[106.536,9.829],[106.422,9.939],[106.486,9.903]]],[[[104.085,10.354],[104.033,10.096],[104.051,10.008],[103.846,10.371],[103.934,10.366],[104.005,10.451],[104.085,10.354]]],[[[106.848,10.614],[106.832,10.472],[106.82,10.467],[106.84,10.405],[106.771,10.464],[106.786,10.601],[106.752,10.666],[106.848,10.614]]],[[[107.085,20.797],[107.032,20.787],[107.073,20.732],[107.046,20.704],[106.913,20.837],[107.023,20.862],[107.085,20.797]]],[[[106.846,20.866],[106.874,20.79],[106.82,20.877],[106.82,20.842],[106.771,20.859],[106.785,20.931],[106.846,20.866]]],[[[107.464,20.814],[107.553,20.972],[107.545,20.919],[107.464,20.814]]],[[[107.738,21.003],[107.793,20.986],[107.738,20.938],[107.738,21.003]]],[[[107.546,21.035],[107.512,20.924],[107.395,20.897],[107.505,21.02],[107.546,21.035]]],[[[107.628,21.12],[107.58,20.983],[107.559,20.986],[107.594,21.089],[107.628,21.12]]],[[[107.603,21.219],[107.471,21.096],[107.373,21.06],[107.455,21.276],[107.533,21.199],[107.603,21.219]]],[[[107.784,21.356],[107.817,21.349],[107.711,21.308],[107.784,21.356]]],[[[107.998,21.404],[107.854,21.35],[107.873,21.374],[107.827,21.37],[107.998,21.404]]],[[[108.929,10.545],[108.961,10.503],[108.94,10.504],[108.929,10.545]]],[[[109.383,12.624],[109.4,12.558],[109.312,12.614],[109.383,12.624]]],[[[107.357,20.829],[107.35,20.811],[107.341,20.843],[107.357,20.829]]],[[[107.392,20.885],[107.368,20.858],[107.333,20.883],[107.339,20.89],[107.392,20.885]]],[[[107.826,21.025],[107.853,21.02],[107.818,20.988],[107.826,21.025]]]]}},{"type":"Feature","properties":{"name":"Cambodia","iso":"KHM"},"geometry":{"type":"MultiPolygon","coordinates":[[[[107.532,14.678],[107.465,14.449],[107.387,14.422],[107.352,14.342],[107.32,14.12],[107.355,14.002],[107.431,13.984],[107.443,13.783],[107.604,13.499],[107.607,13.37],[107.46,13.022],[107.565,12.606],[107.522,12.367],[107.416,12.254],[107.32,12.329],[107.212,12.306],[106.953,12.081],[106.772,12.066],[106.702,11.971],[106.394,11.97],[106.439,11.864],[106.398,11.762],[106.426,11.662],[106.015,11.77],[105.934,11.643],[105.805,11.625],[105.872,11.443],[105.844,11.29],[106.087,11.056],[106.114,11.087],[106.16,11.054],[106.188,10.976],[106.122,10.925],[106.177,10.767],[105.931,10.896],[105.879,10.828],[105.753,11.016],[105.474,10.941],[105.41,10.963],[105.318,10.839],[105.078,10.947],[105.011,10.884],[105.066,10.746],[105.042,10.691],[104.854,10.531],[104.567,10.528],[104.47,10.416],[104.298,10.481],[104.25,10.57],[103.946,10.588],[103.866,10.699],[103.821,10.544],[103.702,10.563],[103.747,10.509],[103.624,10.501],[103.502,10.617],[103.567,10.727],[103.689,10.741],[103.722,10.895],[103.675,11.064],[103.533,11.163],[103.469,11.152],[103.402,10.884],[103.277,10.933],[103.223,10.878],[103.127,10.881],[103.118,11.149],[103.058,11.221],[103.152,11.318],[103.064,11.447],[103.174,11.426],[103.14,11.509],[103.113,11.468],[103.064,11.504],[103.037,11.605],[103.03,11.543],[102.955,11.557],[103.003,11.55],[102.994,11.636],[103.043,11.625],[102.989,11.673],[102.969,11.638],[102.986,11.703],[103.067,11.708],[103.085,11.728],[102.982,11.714],[102.893,11.83],[102.969,11.714],[102.955,11.57],[102.914,11.766],[102.7,12.139],[102.762,12.436],[102.486,12.661],[102.49,12.996],[102.328,13.275],[102.313,13.541],[102.598,13.605],[102.542,13.67],[102.699,13.762],[102.934,14.201],[103.118,14.313],[103.637,14.443],[103.675,14.386],[103.885,14.34],[104.177,14.404],[104.543,14.36],[104.61,14.419],[104.772,14.44],[104.974,14.381],[104.976,14.301],[105.047,14.214],[105.184,14.346],[105.197,14.27],[105.338,14.11],[105.533,14.164],[105.744,14.087],[105.9,13.923],[106.069,13.917],[106.149,14.054],[106.012,14.226],[105.974,14.366],[106.173,14.37],[106.23,14.49],[106.306,14.445],[106.419,14.466],[106.512,14.59],[106.544,14.512],[106.707,14.429],[106.807,14.313],[106.934,14.32],[107.027,14.435],[107.079,14.401],[107.131,14.428],[107.287,14.599],[107.415,14.543],[107.452,14.632],[107.532,14.678]]],[[[103.76,10.514],[103.795,10.454],[103.752,10.465],[103.76,10.514]]],[[[103.301,10.727],[103.277,10.673],[103.198,10.762],[103.245,10.778],[103.301,10.727]]],[[[102.989,11.426],[103.043,11.273],[103.008,11.255],[102.989,11.426]]],[[[103.009,11.529],[103.051,11.46],[103.02,11.427],[103.009,11.529]]],[[[103.32,10.617],[103.323,10.545],[103.289,10.613],[103.32,10.617]]]]}},{"type":"Feature","properties":{"name":"United Arab Emirates","iso":"ARE"},"geometry":{"type":"MultiPolygon","coordinates":[[[[56.3,25.616],[56.37,25.526],[56.383,24.978],[56.329,24.973],[56.308,24.895],[56.099,24.731],[55.965,24.854],[55.978,24.886],[56.029,24.861],[55.978,24.972],[55.862,24.948],[55.789,24.855],[55.818,24.643],[55.76,24.559],[55.811,24.389],[55.756,24.23],[55.933,24.221],[55.998,24.081],[55.807,24.007],[55.647,24.025],[55.457,23.963],[55.531,23.875],[55.538,23.77],[55.226,23.121],[55.187,22.704],[55.12,22.623],[55.0,22.634],[55.0,24.968],[55.282,25.261],[55.329,25.201],[55.304,25.283],[55.473,25.413],[55.551,25.579],[55.548,25.529],[55.626,25.536],[55.96,25.824],[55.937,25.777],[55.952,25.772],[56.077,26.061],[56.163,26.074],[56.183,26.015],[56.151,25.659],[56.3,25.616]],[[56.234,25.313],[56.22,25.215],[56.344,25.267],[56.291,25.328],[56.234,25.313]]],[[[56.263,25.249],[56.288,25.272],[56.283,25.255],[56.263,25.249]]]]}},{"type":"Feature","properties":{"name":"Laos","iso":"LAO"},"geometry":{"type":"Polygon","coordinates":[[[102.125,22.384],[102.207,22.245],[102.483,22.021],[102.478,21.958],[102.591,21.901],[102.651,21.658],[102.752,21.681],[102.807,21.836],[102.847,21.704],[102.948,21.737],[102.974,21.575],[102.85,21.425],[102.918,21.45],[102.875,21.305],[102.801,21.255],[102.888,21.227],[102.947,21.076],[103.136,20.85],[103.358,20.788],[103.44,20.816],[103.676,20.657],[103.785,20.846],[104.092,20.961],[104.279,20.892],[104.389,20.771],[104.615,20.646],[104.543,20.536],[104.445,20.535],[104.36,20.44],[104.576,20.414],[104.681,20.341],[104.657,20.213],[104.819,20.221],[104.908,20.175],[104.964,20.076],[104.949,19.995],[104.781,19.908],[104.756,19.867],[104.817,19.848],[104.805,19.791],[104.676,19.725],[104.614,19.607],[104.506,19.603],[104.38,19.685],[104.295,19.655],[104.229,19.706],[104.089,19.652],[104.001,19.681],[104.09,19.484],[103.848,19.3],[104.148,19.183],[104.211,19.101],[104.498,18.968],[104.71,18.796],[105.113,18.698],[105.169,18.615],[105.114,18.581],[105.08,18.454],[105.166,18.307],[105.293,18.253],[105.295,18.196],[105.366,18.151],[105.41,18.202],[105.467,18.181],[105.723,17.673],[106.185,17.257],[106.285,17.285],[106.411,16.996],[106.525,16.989],[106.541,16.659],[106.64,16.587],[106.671,16.444],[106.742,16.422],[106.847,16.53],[106.856,16.415],[106.957,16.307],[107.108,16.267],[107.142,16.177],[107.299,16.064],[107.436,16.069],[107.445,16.01],[107.376,15.919],[107.186,15.859],[107.149,15.773],[107.369,15.496],[107.487,15.481],[107.494,15.42],[107.573,15.411],[107.664,15.269],[107.589,15.058],[107.446,15.025],[107.462,14.957],[107.558,14.887],[107.491,14.804],[107.52,14.705],[107.415,14.543],[107.287,14.599],[107.101,14.408],[107.027,14.435],[106.946,14.324],[106.836,14.307],[106.544,14.512],[106.512,14.59],[106.394,14.456],[106.23,14.49],[106.173,14.37],[105.969,14.355],[106.149,14.054],[106.069,13.917],[105.9,13.923],[105.744,14.087],[105.533,14.164],[105.364,14.104],[105.257,14.182],[105.184,14.346],[105.416,14.428],[105.508,14.564],[105.489,14.786],[105.593,14.991],[105.444,15.134],[105.564,15.273],[105.558,15.325],[105.477,15.353],[105.604,15.439],[105.641,15.682],[105.412,15.8],[105.361,15.919],[105.422,16.01],[105.058,16.121],[105.015,16.277],[104.765,16.511],[104.74,17.003],[104.81,17.172],[104.816,17.373],[104.703,17.527],[104.452,17.666],[103.975,18.331],[103.874,18.283],[103.549,18.415],[103.307,18.426],[103.234,18.356],[103.295,18.288],[103.168,18.25],[103.071,18.126],[103.038,17.991],[102.853,17.972],[102.673,17.865],[102.683,17.81],[102.595,17.841],[102.6,17.955],[102.412,17.994],[102.172,18.2],[102.079,18.214],[101.904,18.037],[101.79,18.074],[101.729,17.912],[101.578,17.868],[101.468,17.72],[101.388,17.729],[101.132,17.462],[100.886,17.574],[101.001,17.885],[101.165,18.053],[101.155,18.323],[101.03,18.428],[101.235,18.658],[101.225,18.875],[101.326,19.021],[101.236,19.128],[101.172,19.376],[101.255,19.547],[101.208,19.59],[101.125,19.565],[100.88,19.614],[100.753,19.482],[100.633,19.542],[100.567,19.496],[100.474,19.525],[100.379,19.746],[100.484,19.881],[100.547,20.168],[100.461,20.191],[100.344,20.39],[100.24,20.373],[100.153,20.239],[100.103,20.264],[100.1,20.362],[100.173,20.622],[100.275,20.762],[100.365,20.828],[100.537,20.808],[100.652,20.877],[100.518,20.906],[100.543,21.027],[100.626,21.054],[100.689,21.159],[100.725,21.312],[100.851,21.315],[101.159,21.553],[101.171,21.403],[101.235,21.364],[101.209,21.246],[101.26,21.179],[101.518,21.243],[101.584,21.224],[101.582,21.176],[101.767,21.151],[101.76,21.196],[101.824,21.234],[101.716,21.338],[101.736,21.571],[101.804,21.626],[101.729,21.718],[101.751,21.816],[101.607,21.968],[101.516,22.245],[101.601,22.277],[101.655,22.446],[101.713,22.492],[101.785,22.472],[101.843,22.383],[101.995,22.447],[102.125,22.384]]]}},{"type":"Feature","properties":{"name":"Kyrgyzstan","iso":"KGZ"},"geometry":{"type":"Polygon","coordinates":[[[79.827,41.992],[79.748,41.88],[79.391,41.773],[79.282,41.783],[78.36,41.378],[78.349,41.27],[78.075,41.04],[77.831,41.063],[77.504,40.981],[77.008,41.044],[76.861,41.013],[76.767,40.945],[76.762,40.847],[76.648,40.765],[76.621,40.611],[76.476,40.436],[76.33,40.348],[76.244,40.441],[76.151,40.368],[76.052,40.39],[75.902,40.299],[75.682,40.292],[75.638,40.386],[75.667,40.45],[75.56,40.633],[75.194,40.441],[75.002,40.447],[74.835,40.512],[74.787,40.421],[74.862,40.326],[74.706,40.331],[74.334,40.094],[74.168,40.106],[73.966,40.033],[73.823,39.806],[73.927,39.593],[73.821,39.468],[73.477,39.465],[73.168,39.355],[72.519,39.376],[72.316,39.329],[72.229,39.189],[72.095,39.275],[72.05,39.369],[71.751,39.274],[71.711,39.321],[71.74,39.448],[71.513,39.459],[71.531,39.553],[71.46,39.612],[71.249,39.514],[71.096,39.512],[70.977,39.395],[70.903,39.421],[70.77,39.382],[70.713,39.398],[70.622,39.564],[70.477,39.601],[70.223,39.519],[70.201,39.619],[70.132,39.55],[69.83,39.536],[69.669,39.578],[69.3,39.516],[69.288,39.678],[69.226,39.751],[69.31,39.985],[69.405,39.896],[69.502,39.922],[69.463,40.025],[69.518,40.125],[69.575,40.104],[70.005,40.209],[70.525,40.034],[70.451,39.937],[70.477,39.901],[70.614,39.976],[70.666,40.104],[70.929,40.171],[70.995,40.267],[71.201,40.264],[71.254,40.324],[71.521,40.204],[71.593,40.198],[71.628,40.259],[71.707,40.144],[71.836,40.249],[72.019,40.24],[71.957,40.316],[72.166,40.454],[72.394,40.389],[72.426,40.459],[72.363,40.512],[72.352,40.602],[72.625,40.511],[72.664,40.578],[72.748,40.575],[72.784,40.67],[73.149,40.814],[73.003,40.87],[72.87,40.818],[72.869,40.864],[72.658,40.867],[72.332,41.073],[72.165,40.999],[72.158,41.188],[72.034,41.157],[71.872,41.194],[71.847,41.342],[71.745,41.453],[71.672,41.425],[71.671,41.547],[71.595,41.494],[71.637,41.431],[71.586,41.324],[71.524,41.297],[71.419,41.347],[71.416,41.127],[71.325,41.157],[71.276,41.113],[71.206,41.189],[71.18,41.108],[71.025,41.19],[70.77,41.239],[70.769,41.352],[70.668,41.471],[70.453,41.405],[70.344,41.494],[70.167,41.52],[70.169,41.578],[70.454,41.712],[70.649,41.887],[70.814,41.92],[70.831,42.0],[79.827,41.992]],[[71.761,39.984],[71.682,39.955],[71.666,39.94],[71.757,39.903],[71.761,39.984]],[[71.244,40.047],[70.977,40.145],[70.958,40.063],[71.05,39.963],[71.009,39.886],[71.208,39.889],[71.175,39.994],[71.244,40.047]],[[70.484,39.882],[70.582,39.767],[70.705,39.822],[70.699,39.858],[70.484,39.882]]]}},{"type":"Feature","properties":{"name":"Iran","iso":"IRN"},"geometry":{"type":"MultiPolygon","coordinates":[[[[55.007,37.843],[55.13,37.952],[55.447,38.084],[55.738,38.119],[56.214,38.069],[56.315,38.089],[56.303,38.179],[56.436,38.255],[56.729,38.271],[57.038,38.187],[57.186,38.276],[57.344,38.081],[57.352,37.968],[58.157,37.788],[58.207,37.679],[58.358,37.633],[58.48,37.644],[58.53,37.7],[58.682,37.643],[58.801,37.695],[59.212,37.516],[59.312,37.53],[59.37,37.319],[59.462,37.208],[59.556,37.198],[59.605,37.124],[59.653,37.15],[60.019,37.026],[60.342,36.637],[61.166,36.636],[61.147,36.357],[61.225,36.124],[61.13,35.971],[61.241,35.894],[61.232,35.672],[61.29,35.548],[61.187,35.3],[61.108,35.278],[61.096,35.193],[61.147,35.102],[61.065,34.815],[60.96,34.723],[60.948,34.638],[60.7,34.516],[60.89,34.319],[60.644,34.307],[60.493,34.139],[60.512,33.638],[60.656,33.56],[60.921,33.514],[60.832,33.484],[60.829,33.416],[60.568,33.151],[60.563,33.058],[60.83,32.249],[60.775,32.027],[60.822,31.495],[61.687,31.373],[61.742,31.321],[61.826,31.015],[61.802,30.847],[60.844,29.858],[61.337,29.374],[61.333,29.275],[61.488,29.081],[61.468,29.042],[61.567,28.871],[61.893,28.543],[62.363,28.419],[62.576,28.229],[62.762,28.246],[62.736,27.995],[62.815,27.495],[62.742,27.267],[62.892,27.213],[63.177,27.258],[63.32,27.117],[63.231,27.066],[63.262,26.872],[63.19,26.846],[63.141,26.625],[62.754,26.644],[62.418,26.562],[62.292,26.501],[62.265,26.361],[62.124,26.374],[62.094,26.315],[61.833,26.225],[61.755,25.82],[61.66,25.769],[61.62,25.285],[61.588,25.202],[61.554,25.254],[61.558,25.201],[61.483,25.194],[61.524,25.173],[61.412,25.059],[61.031,25.21],[60.633,25.275],[60.55,25.447],[60.395,25.378],[60.467,25.29],[60.289,25.377],[60.202,25.371],[60.209,25.32],[60.082,25.366],[59.904,25.33],[59.775,25.39],[59.538,25.4],[59.454,25.462],[59.044,25.4],[58.814,25.564],[58.419,25.612],[58.17,25.544],[58.046,25.575],[57.963,25.693],[57.772,25.636],[57.756,25.743],[57.326,25.777],[57.167,26.083],[57.213,26.166],[57.08,26.415],[57.09,26.619],[57.025,26.851],[56.926,26.955],[56.973,27.003],[56.865,27.012],[56.885,27.078],[56.809,27.14],[56.353,27.202],[56.124,27.161],[55.939,27.027],[55.666,26.995],[55.554,26.9],[55.582,26.914],[55.58,26.859],[55.522,26.785],[55.271,26.793],[55.0,26.623],[55.007,37.843]]],[[[56.379,26.839],[56.341,26.879],[56.404,26.893],[56.379,26.839]]],[[[56.232,26.999],[56.287,26.955],[56.194,26.925],[55.947,26.696],[55.877,26.743],[55.291,26.548],[55.285,26.66],[55.352,26.647],[55.774,26.797],[55.758,26.954],[55.898,26.907],[56.232,26.999]]],[[[56.455,27.103],[56.495,27.052],[56.435,27.055],[56.455,27.103]]],[[[55.902,26.669],[55.89,26.624],[55.853,26.621],[55.868,26.666],[55.902,26.669]]],[[[55.044,25.893],[55.033,25.855],[55.012,25.882],[55.044,25.893]]]]}},{"type":"Feature","properties":{"name":"Saudi Arabia","iso":"SAU"},"geometry":{"type":"Polygon","coordinates":[[[55.105,22.621],[55.187,22.704],[55.638,21.979],[55.0,20.06],[55.0,22.634],[55.105,22.621]]]}},{"type":"Feature","properties":{"name":"Thailand","iso":"THA"},"geometry":{"type":"MultiPolygon","coordinates":[[[[102.906,11.666],[102.893,11.77],[102.777,11.903],[102.767,12.012],[102.606,12.221],[102.557,12.184],[102.582,12.049],[102.474,12.149],[102.296,12.19],[102.263,12.29],[102.336,12.307],[102.352,12.367],[102.292,12.318],[102.304,12.427],[102.27,12.393],[102.27,12.44],[102.206,12.436],[102.273,12.326],[102.228,12.324],[102.087,12.465],[102.112,12.537],[102.048,12.542],[102.064,12.571],[102.009,12.565],[102.064,12.523],[102.057,12.468],[101.961,12.537],[101.95,12.606],[101.948,12.53],[101.766,12.706],[101.418,12.596],[101.088,12.681],[100.989,12.649],[100.974,12.598],[100.918,12.663],[100.858,12.653],[100.837,12.708],[100.92,12.811],[100.865,12.92],[100.934,13.003],[100.878,13.098],[100.945,13.201],[100.912,13.294],[100.981,13.359],[100.996,13.496],[100.889,13.468],[100.68,13.509],[100.592,13.555],[100.598,13.612],[100.576,13.52],[100.337,13.482],[100.275,13.517],[100.053,13.413],[99.963,13.31],[100.104,13.057],[99.96,12.668],[100.02,12.193],[99.831,11.925],[99.817,11.741],[99.752,11.71],[99.642,11.523],[99.569,11.334],[99.586,11.195],[99.496,11.133],[99.512,10.866],[99.443,10.87],[99.374,10.681],[99.24,10.522],[99.285,10.364],[99.152,10.357],[99.169,10.288],[99.255,10.234],[99.152,10.103],[99.145,9.788],[99.324,9.392],[99.236,9.336],[99.255,9.232],[99.475,9.201],[99.536,9.282],[99.803,9.323],[99.886,9.233],[99.967,8.606],[100.144,8.389],[100.186,8.397],[100.131,8.515],[100.22,8.449],[100.44,7.477],[100.575,7.209],[100.426,7.268],[100.406,7.528],[100.359,7.579],[100.273,7.531],[100.321,7.708],[100.289,7.788],[100.211,7.781],[100.145,7.719],[100.179,7.531],[100.279,7.362],[100.37,7.333],[100.424,7.171],[100.556,7.145],[100.585,7.224],[100.765,6.983],[100.998,6.857],[101.244,6.902],[101.351,6.876],[101.263,6.945],[101.292,6.955],[101.557,6.842],[101.772,6.501],[102.073,6.258],[102.06,6.095],[101.935,5.982],[101.913,5.859],[101.8,5.74],[101.727,5.786],[101.666,5.766],[101.558,5.911],[101.249,5.787],[101.212,5.682],[101.122,5.63],[100.965,5.792],[101.079,5.938],[101.082,6.246],[100.974,6.273],[100.833,6.237],[100.806,6.415],[100.73,6.493],[100.631,6.445],[100.387,6.522],[100.263,6.7],[100.167,6.695],[100.127,6.442],[100.104,6.533],[100.063,6.507],[99.868,6.763],[99.686,6.877],[99.714,6.942],[99.679,7.027],[99.748,7.126],[99.678,7.123],[99.672,7.171],[99.614,7.137],[99.558,7.197],[99.604,7.376],[99.55,7.302],[99.508,7.385],[99.471,7.28],[99.378,7.321],[99.293,7.621],[99.131,7.767],[99.091,7.692],[99.033,7.723],[99.014,7.815],[99.07,7.925],[99.028,7.904],[98.918,8.051],[98.844,8.003],[98.8,8.052],[98.77,8.024],[98.703,8.299],[98.624,8.281],[98.655,8.38],[98.604,8.397],[98.428,8.317],[98.463,8.216],[98.425,8.148],[98.287,8.22],[98.199,8.534],[98.21,8.581],[98.247,8.515],[98.253,8.535],[98.22,8.726],[98.262,8.851],[98.391,9.035],[98.333,9.026],[98.382,9.072],[98.322,9.209],[98.371,9.226],[98.457,9.549],[98.531,9.566],[98.463,9.604],[98.514,9.655],[98.494,9.714],[98.566,9.743],[98.508,9.775],[98.555,9.798],[98.583,9.843],[98.549,9.809],[98.513,9.837],[98.631,9.953],[98.604,9.994],[98.72,10.228],[98.79,10.5],[98.757,10.666],[98.83,10.764],[98.982,10.832],[99.002,10.958],[99.055,10.945],[99.213,11.108],[99.428,11.497],[99.45,11.614],[99.543,11.64],[99.63,11.816],[99.561,11.873],[99.574,11.976],[99.518,12.026],[99.542,12.141],[99.452,12.129],[99.403,12.576],[99.224,12.717],[99.165,12.976],[99.093,13.038],[99.102,13.171],[99.19,13.23],[99.153,13.715],[99.09,13.87],[98.935,14.085],[98.548,14.378],[98.243,14.805],[98.16,15.106],[98.177,15.221],[98.283,15.29],[98.385,15.256],[98.403,15.36],[98.475,15.383],[98.534,15.326],[98.56,15.355],[98.54,15.712],[98.584,15.977],[98.547,16.047],[98.619,16.051],[98.68,16.126],[98.807,16.111],[98.903,16.382],[98.84,16.472],[98.789,16.375],[98.663,16.287],[98.632,16.463],[98.457,16.723],[98.518,16.803],[98.509,16.893],[98.418,17.029],[98.3,17.065],[97.983,17.505],[97.759,17.691],[97.676,17.83],[97.754,17.969],[97.618,18.242],[97.638,18.306],[97.574,18.333],[97.528,18.265],[97.486,18.292],[97.351,18.551],[97.427,18.49],[97.51,18.491],[97.746,18.571],[97.723,18.852],[97.658,18.926],[97.811,19.112],[97.767,19.398],[97.842,19.479],[97.849,19.568],[98.008,19.639],[98.025,19.803],[98.213,19.718],[98.238,19.665],[98.489,19.707],[98.533,19.676],[98.808,19.807],[98.899,19.749],[99.001,19.821],[99.017,20.041],[99.073,20.101],[99.178,20.122],[99.296,20.062],[99.51,20.154],[99.526,20.196],[99.421,20.376],[99.652,20.307],[99.787,20.334],[99.838,20.417],[99.937,20.445],[100.153,20.239],[100.24,20.373],[100.344,20.39],[100.461,20.191],[100.549,20.158],[100.484,19.881],[100.379,19.746],[100.474,19.525],[100.567,19.496],[100.633,19.542],[100.753,19.482],[100.88,19.614],[101.125,19.565],[101.208,19.59],[101.255,19.547],[101.172,19.376],[101.236,19.128],[101.326,19.021],[101.225,18.875],[101.235,18.658],[101.03,18.428],[101.155,18.323],[101.165,18.053],[101.001,17.885],[100.902,17.562],[101.132,17.462],[101.388,17.729],[101.468,17.72],[101.578,17.868],[101.729,17.912],[101.79,18.074],[101.904,18.037],[102.079,18.214],[102.172,18.2],[102.412,17.994],[102.6,17.955],[102.595,17.841],[102.683,17.81],[102.673,17.865],[102.853,17.972],[103.038,17.991],[103.071,18.126],[103.168,18.25],[103.295,18.288],[103.244,18.38],[103.397,18.441],[103.801,18.338],[103.858,18.286],[104.0,18.318],[104.27,17.874],[104.452,17.666],[104.703,17.527],[104.793,17.423],[104.814,17.194],[104.74,17.003],[104.755,16.529],[105.015,16.277],[105.058,16.121],[105.422,16.01],[105.361,15.919],[105.412,15.8],[105.641,15.682],[105.604,15.439],[105.477,15.353],[105.558,15.325],[105.564,15.273],[105.444,15.134],[105.593,14.991],[105.489,14.786],[105.508,14.564],[105.416,14.428],[105.155,14.33],[105.047,14.214],[104.976,14.301],[104.974,14.381],[104.772,14.44],[104.61,14.419],[104.543,14.36],[104.177,14.404],[103.885,14.34],[103.675,14.386],[103.637,14.443],[103.138,14.32],[102.919,14.185],[102.87,14.021],[102.773,13.936],[102.699,13.762],[102.542,13.67],[102.598,13.605],[102.332,13.565],[102.328,13.275],[102.49,12.996],[102.479,12.677],[102.762,12.436],[102.692,12.178],[102.914,11.766],[102.906,11.666]]],[[[97.84,9.404],[97.868,9.42],[97.872,9.38],[97.84,9.404]]],[[[99.699,9.542],[99.681,9.513],[99.668,9.519],[99.699,9.542]]],[[[99.684,9.62],[99.678,9.61],[99.675,9.624],[99.684,9.62]]],[[[99.26,6.566],[99.195,6.533],[99.158,6.554],[99.206,6.575],[99.26,6.566]]],[[[99.672,6.507],[99.6,6.583],[99.657,6.724],[99.704,6.558],[99.672,6.507]]],[[[99.386,7.276],[99.454,7.239],[99.383,7.194],[99.386,7.276]]],[[[99.021,7.637],[99.117,7.479],[99.1,7.467],[99.021,7.637]]],[[[99.105,7.669],[99.109,7.594],[99.045,7.663],[99.105,7.669]]],[[[98.528,8.123],[98.602,8.063],[98.604,7.904],[98.528,8.123]]],[[[98.439,8.083],[98.398,7.815],[98.344,7.833],[98.292,7.777],[98.254,7.928],[98.281,8.192],[98.344,8.109],[98.439,8.083]]],[[[98.621,8.103],[98.57,8.119],[98.624,8.192],[98.638,8.171],[98.621,8.103]]],[[[98.308,9.133],[98.309,9.049],[98.254,9.037],[98.248,9.15],[98.308,9.133]]],[[[100.076,9.585],[100.061,9.464],[99.947,9.418],[99.926,9.566],[100.076,9.585]]],[[[98.412,9.775],[98.417,9.733],[98.398,9.706],[98.412,9.775]]],[[[99.988,9.802],[100.079,9.742],[100.09,9.665],[99.971,9.765],[99.988,9.802]]],[[[102.555,11.76],[102.608,11.648],[102.598,11.563],[102.53,11.605],[102.555,11.76]]],[[[102.343,12.124],[102.441,11.967],[102.379,12.003],[102.29,11.975],[102.25,12.153],[102.343,12.124]]],[[[97.87,9.425],[97.872,9.473],[97.899,9.461],[97.87,9.425]]],[[[98.252,8.997],[98.307,8.958],[98.262,8.879],[98.252,8.997]]]]}},{"type":"Feature","properties":{"name":"Brunei","iso":"BRN"},"geometry":{"type":"MultiPolygon","coordinates":[[[[115.147,4.886],[115.207,4.826],[115.346,4.314],[115.092,4.405],[115.03,4.821],[115.147,4.886]]],[[[115.102,5.05],[114.948,4.819],[114.742,4.729],[114.788,4.461],[114.846,4.395],[114.767,4.132],[114.628,4.017],[114.477,4.145],[114.42,4.26],[114.283,4.265],[114.246,4.481],[113.999,4.601],[114.327,4.607],[114.529,4.694],[114.928,5.001],[115.102,5.05]]]]}},{"type":"Feature","properties":{"name":"Myanmar","iso":"MMR"},"geometry":{"type":"MultiPolygon","coordinates":[[[[92.584,21.98],[92.651,22.019],[92.684,22.154],[92.836,22.047],[92.877,21.957],[92.906,22.017],[92.968,21.987],[93.025,22.202],[93.142,22.187],[93.124,22.231],[93.174,22.259],[93.08,22.773],[93.176,22.882],[93.152,23.05],[93.273,23.006],[93.375,23.13],[93.432,23.647],[93.303,23.995],[93.322,24.08],[93.457,23.96],[93.711,24.005],[93.804,23.936],[94.132,23.857],[94.295,24.333],[94.516,24.705],[94.582,24.73],[94.709,25.026],[94.689,25.139],[94.553,25.204],[94.608,25.395],[94.86,25.567],[95.009,25.737],[95.001,25.922],[95.151,26.05],[95.088,26.104],[95.042,26.288],[95.041,26.476],[95.123,26.612],[95.411,26.702],[95.49,26.811],[95.699,26.896],[95.778,26.995],[95.916,27.051],[96.013,27.191],[96.143,27.258],[96.511,27.292],[96.587,27.354],[96.705,27.361],[96.854,27.249],[96.865,27.172],[97.119,27.087],[97.101,27.183],[96.881,27.444],[96.87,27.619],[97.223,27.9],[97.334,27.894],[97.362,27.995],[97.293,28.095],[97.323,28.217],[97.448,28.298],[97.445,28.383],[97.528,28.53],[97.614,28.482],[97.67,28.511],[97.765,28.352],[97.898,28.355],[97.993,28.269],[97.991,28.214],[98.127,28.124],[98.107,27.973],[98.177,27.913],[98.14,27.879],[98.295,27.537],[98.383,27.556],[98.41,27.684],[98.679,27.577],[98.708,27.337],[98.673,27.176],[98.738,27.049],[98.715,26.862],[98.756,26.625],[98.642,26.255],[98.706,26.175],[98.644,26.098],[98.619,26.146],[98.546,26.106],[98.582,25.982],[98.692,25.879],[98.61,25.801],[98.498,25.831],[98.333,25.567],[98.14,25.611],[98.112,25.396],[98.045,25.312],[97.91,25.208],[97.801,25.238],[97.7,25.065],[97.765,24.835],[97.664,24.83],[97.533,24.723],[97.513,24.439],[97.647,24.432],[97.69,24.346],[97.645,24.302],[97.718,24.278],[97.72,24.147],[97.516,23.943],[97.625,23.847],[97.89,24.023],[98.105,24.102],[98.435,24.13],[98.585,24.076],[98.866,24.146],[98.856,24.084],[98.659,23.961],[98.664,23.797],[98.793,23.758],[98.856,23.61],[98.781,23.533],[98.89,23.407],[98.853,23.325],[98.911,23.298],[98.859,23.179],[99.026,23.16],[99.055,23.11],[99.217,23.057],[99.334,23.13],[99.493,23.057],[99.538,22.926],[99.413,22.931],[99.414,22.857],[99.308,22.745],[99.358,22.495],[99.243,22.393],[99.144,22.154],[99.253,22.103],[99.539,22.107],[99.684,22.039],[99.724,22.071],[99.821,22.018],[99.848,22.055],[99.942,22.046],[99.95,21.721],[100.143,21.655],[100.09,21.529],[100.187,21.428],[100.342,21.53],[100.457,21.455],[100.622,21.469],[100.835,21.658],[101.083,21.767],[101.174,21.612],[101.157,21.52],[101.003,21.406],[100.815,21.3],[100.725,21.312],[100.689,21.159],[100.626,21.054],[100.543,21.027],[100.518,20.906],[100.652,20.877],[100.537,20.808],[100.365,20.828],[100.211,20.697],[100.099,20.318],[99.937,20.445],[99.838,20.417],[99.787,20.334],[99.652,20.307],[99.421,20.376],[99.526,20.196],[99.51,20.154],[99.296,20.062],[99.178,20.122],[99.073,20.101],[99.017,20.041],[99.001,19.821],[98.899,19.749],[98.808,19.807],[98.533,19.676],[98.489,19.707],[98.238,19.665],[98.213,19.718],[98.025,19.803],[98.008,19.639],[97.849,19.568],[97.842,19.479],[97.767,19.398],[97.811,19.112],[97.658,18.926],[97.723,18.852],[97.746,18.571],[97.51,18.491],[97.427,18.49],[97.351,18.551],[97.486,18.292],[97.528,18.265],[97.574,18.333],[97.638,18.306],[97.618,18.242],[97.754,17.969],[97.676,17.83],[97.759,17.691],[97.983,17.505],[98.3,17.065],[98.418,17.029],[98.509,16.893],[98.518,16.803],[98.457,16.723],[98.632,16.463],[98.663,16.287],[98.789,16.375],[98.84,16.472],[98.903,16.382],[98.807,16.111],[98.68,16.126],[98.619,16.051],[98.547,16.047],[98.584,15.977],[98.54,15.712],[98.56,15.355],[98.534,15.326],[98.475,15.383],[98.403,15.36],[98.385,15.256],[98.283,15.29],[98.177,15.221],[98.16,15.106],[98.243,14.805],[98.548,14.378],[98.935,14.085],[99.09,13.87],[99.153,13.715],[99.19,13.23],[99.102,13.171],[99.093,13.038],[99.165,12.976],[99.224,12.717],[99.403,12.576],[99.452,12.129],[99.542,12.141],[99.518,12.026],[99.574,11.976],[99.561,11.873],[99.63,11.816],[99.543,11.64],[99.45,11.614],[99.428,11.497],[99.213,11.108],[99.055,10.945],[98.992,10.948],[98.974,10.824],[98.892,10.809],[98.767,10.689],[98.79,10.5],[98.747,10.351],[98.543,9.987],[98.459,10.715],[98.528,10.693],[98.521,10.741],[98.563,10.727],[98.631,10.851],[98.582,10.882],[98.712,10.924],[98.722,11.045],[98.658,11.132],[98.724,11.156],[98.759,11.269],[98.698,11.388],[98.715,11.443],[98.775,11.454],[98.718,11.532],[98.736,11.642],[98.823,11.708],[98.892,11.694],[98.783,11.755],[98.826,11.826],[98.809,11.851],[98.674,11.685],[98.61,11.731],[98.604,11.804],[98.707,11.879],[98.549,11.879],[98.664,11.92],[98.721,11.998],[98.63,12.132],[98.703,12.238],[98.597,12.194],[98.539,12.242],[98.707,12.348],[98.605,12.429],[98.616,12.486],[98.71,12.512],[98.623,12.558],[98.693,12.725],[98.618,12.766],[98.651,12.797],[98.59,12.92],[98.578,13.187],[98.48,13.284],[98.473,13.413],[98.453,13.379],[98.302,13.701],[98.245,13.714],[98.234,14.003],[98.192,14.065],[98.187,13.544],[98.144,13.537],[98.169,13.681],[98.103,13.701],[98.111,13.902],[98.062,14.01],[98.11,14.168],[97.993,14.331],[98.0,14.469],[97.966,14.448],[97.886,14.684],[97.943,14.72],[98.028,14.648],[97.95,14.799],[97.931,14.752],[97.897,14.798],[97.902,14.738],[97.85,14.724],[97.795,14.88],[97.813,14.983],[97.774,15.017],[97.823,15.209],[97.769,15.223],[97.726,15.34],[97.795,15.408],[97.727,15.843],[97.569,16.062],[97.651,16.271],[97.637,16.477],[97.74,16.559],[97.37,16.484],[97.33,16.68],[97.311,16.652],[97.255,16.698],[97.24,16.875],[97.219,16.826],[97.183,16.922],[97.157,17.087],[97.261,17.107],[97.158,17.129],[97.131,17.079],[97.11,17.189],[96.896,17.385],[96.883,17.457],[96.822,17.395],[96.911,17.317],[96.849,17.213],[96.911,17.025],[96.879,16.935],[96.835,16.936],[96.856,16.901],[96.808,16.909],[96.847,16.845],[96.679,16.575],[96.436,16.478],[96.266,16.597],[96.226,16.761],[96.287,16.813],[96.171,16.772],[96.321,16.415],[96.119,16.322],[96.007,16.387],[96.068,16.31],[95.98,16.223],[95.942,16.219],[95.951,16.258],[95.883,16.209],[95.89,16.244],[95.798,16.145],[95.756,16.145],[95.725,16.223],[95.665,15.949],[95.416,15.723],[95.288,15.74],[95.283,15.838],[95.364,15.985],[95.362,16.148],[95.342,15.984],[95.252,15.868],[95.273,16.004],[95.213,15.787],[95.126,15.818],[95.138,16.007],[95.129,16.039],[95.108,15.984],[95.098,16.025],[95.138,16.1],[95.226,16.12],[95.136,16.148],[95.071,16.075],[95.034,15.806],[94.976,15.764],[94.847,15.791],[94.896,15.847],[94.853,15.84],[94.835,15.949],[94.924,16.039],[94.889,16.017],[94.863,16.128],[94.9,16.184],[94.959,16.201],[94.992,16.251],[94.855,16.16],[94.869,16.041],[94.721,15.857],[94.659,15.854],[94.601,15.921],[94.732,16.017],[94.794,16.162],[94.705,16.021],[94.567,15.935],[94.679,16.121],[94.665,16.258],[94.732,16.361],[94.732,16.525],[94.677,16.532],[94.684,16.364],[94.628,16.26],[94.584,16.237],[94.63,16.344],[94.584,16.275],[94.521,16.295],[94.428,16.074],[94.24,15.976],[94.215,16.158],[94.268,16.527],[94.341,16.548],[94.403,16.788],[94.382,16.901],[94.465,16.95],[94.489,17.124],[94.454,17.18],[94.538,17.187],[94.509,17.23],[94.546,17.32],[94.594,17.292],[94.56,17.582],[94.615,17.546],[94.444,17.988],[94.491,18.072],[94.423,18.242],[94.328,18.259],[94.331,18.303],[94.417,18.314],[94.259,18.509],[94.249,18.639],[94.149,18.731],[94.212,18.726],[94.279,18.739],[94.212,18.742],[94.149,18.868],[94.12,18.817],[94.038,18.859],[94.041,18.998],[94.094,19.087],[94.029,19.095],[94.067,19.389],[94.033,19.205],[93.973,19.146],[93.91,19.191],[93.984,18.968],[93.93,18.859],[93.679,19.02],[93.487,19.334],[93.491,19.408],[93.553,19.431],[93.611,19.403],[93.621,19.334],[93.834,19.238],[93.93,19.3],[93.987,19.387],[93.984,19.464],[93.924,19.462],[93.937,19.492],[93.731,19.633],[93.8,19.656],[93.807,19.746],[93.761,19.675],[93.709,19.714],[93.752,19.766],[93.601,19.719],[93.606,19.796],[93.74,19.925],[93.581,19.881],[93.518,19.94],[93.526,19.999],[93.423,19.965],[93.382,20.089],[93.362,20.026],[93.341,20.102],[93.272,20.048],[93.128,20.095],[93.236,19.847],[93.109,19.994],[93.169,19.807],[92.97,20.129],[93.094,20.15],[93.121,20.212],[92.99,20.155],[93.091,20.381],[93.1,20.431],[93.06,20.362],[93.031,20.41],[93.086,20.533],[93.073,20.555],[93.023,20.453],[93.016,20.325],[92.868,20.122],[92.778,20.232],[92.943,20.321],[92.847,20.377],[92.827,20.495],[92.769,20.455],[92.721,20.592],[92.635,20.698],[92.708,20.579],[92.731,20.259],[92.507,20.609],[92.381,20.7],[92.271,21.049],[92.181,21.158],[92.178,21.3],[92.236,21.417],[92.323,21.462],[92.4,21.371],[92.525,21.361],[92.571,21.247],[92.634,21.282],[92.584,21.98]]],[[[98.057,9.814],[98.008,9.807],[98.03,9.833],[98.057,9.814]]],[[[98.234,10.529],[98.193,10.482],[98.185,10.501],[98.234,10.529]]],[[[98.43,10.978],[98.451,11.002],[98.44,10.966],[98.43,10.978]]],[[[97.465,11.782],[97.444,11.8],[97.48,11.778],[97.465,11.782]]],[[[97.837,12.772],[97.853,12.807],[97.864,12.767],[97.837,12.772]]],[[[98.28,10.051],[98.288,10.008],[98.133,9.846],[98.127,9.96],[98.28,10.051]]],[[[98.186,10.042],[98.179,10.193],[98.24,10.172],[98.186,10.042]]],[[[97.903,10.479],[97.944,10.444],[97.91,10.402],[97.889,10.42],[97.903,10.479]]],[[[98.491,10.881],[98.553,10.833],[98.51,10.787],[98.491,10.881]]],[[[97.896,10.913],[97.952,10.919],[97.884,10.845],[97.895,10.864],[97.896,10.913]]],[[[98.172,10.979],[98.296,10.735],[98.251,10.693],[98.199,10.882],[98.147,10.925],[98.077,10.888],[98.172,10.979]]],[[[98.542,10.954],[98.477,10.974],[98.525,11.087],[98.542,10.954]]],[[[98.281,11.276],[98.247,11.215],[98.22,11.269],[98.281,11.276]]],[[[98.292,11.799],[98.323,11.731],[98.275,11.481],[98.234,11.502],[98.177,11.449],[98.292,11.799]]],[[[98.544,11.799],[98.556,11.728],[98.535,11.529],[98.432,11.567],[98.379,11.691],[98.413,11.773],[98.371,11.789],[98.544,11.799]]],[[[98.014,11.865],[98.09,11.632],[98.012,11.705],[98.028,11.717],[98.007,11.762],[98.014,11.865]]],[[[97.674,11.897],[97.667,11.863],[97.672,11.838],[97.643,11.868],[97.674,11.897]]],[[[98.254,11.858],[98.285,11.896],[98.274,11.853],[98.254,11.858]]],[[[98.269,11.942],[98.227,11.954],[98.252,11.975],[98.269,11.942]]],[[[98.642,11.958],[98.478,11.891],[98.431,12.101],[98.52,12.007],[98.642,11.958]]],[[[98.106,12.192],[98.137,12.191],[98.137,12.139],[98.039,12.207],[98.073,12.29],[98.119,12.276],[98.106,12.192]]],[[[98.105,12.383],[98.0,12.269],[97.946,12.31],[97.94,12.366],[98.018,12.403],[98.042,12.358],[98.076,12.427],[98.105,12.383]]],[[[98.5,12.513],[98.509,12.41],[98.482,12.411],[98.5,12.513]]],[[[98.257,12.574],[98.29,12.526],[98.261,12.495],[98.23,12.527],[98.257,12.574]]],[[[97.827,12.591],[97.861,12.57],[97.85,12.537],[97.829,12.557],[97.827,12.591]]],[[[98.471,12.556],[98.391,12.362],[98.302,12.338],[98.316,12.687],[98.406,12.639],[98.425,12.53],[98.451,12.604],[98.471,12.556]]],[[[98.247,13.215],[98.336,13.074],[98.302,12.913],[98.247,13.215]]],[[[97.919,13.853],[97.925,13.784],[97.918,13.784],[97.919,13.853]]],[[[93.396,14.14],[93.375,14.065],[93.39,14.154],[93.396,14.14]]],[[[93.676,14.859],[93.704,14.904],[93.724,14.914],[93.676,14.859]]],[[[97.66,15.58],[97.664,15.504],[97.651,15.592],[97.66,15.58]]],[[[94.823,15.946],[94.804,15.797],[94.725,15.812],[94.823,15.946]]],[[[94.667,16.172],[94.63,16.075],[94.478,15.966],[94.403,15.839],[94.39,16.001],[94.643,16.246],[94.667,16.172]]],[[[97.606,16.484],[97.571,16.223],[97.547,16.2],[97.459,16.301],[97.46,16.477],[97.521,16.511],[97.606,16.484]]],[[[93.742,18.872],[93.732,18.69],[93.645,18.679],[93.484,18.875],[93.622,18.91],[93.742,18.872]]],[[[93.974,19.403],[93.899,19.303],[93.803,19.277],[93.642,19.492],[93.724,19.556],[93.974,19.403]]],[[[93.499,19.887],[93.512,19.746],[93.441,19.811],[93.403,19.953],[93.499,19.887]]],[[[92.917,20.089],[93.015,19.906],[93.025,19.828],[92.917,20.089]]]]}},{"type":"Feature","properties":{"name":"Bangladesh","iso":"BGD"},"geometry":{"type":"MultiPolygon","coordinates":[[[[92.496,22.696],[92.634,21.282],[92.571,21.247],[92.525,21.361],[92.4,21.371],[92.323,21.462],[92.236,21.417],[92.178,21.3],[92.175,21.176],[92.265,21.061],[92.326,20.739],[92.186,21.006],[92.053,21.155],[92.045,21.3],[91.953,21.442],[92.018,21.493],[91.99,21.562],[92.029,21.705],[91.984,21.65],[91.95,21.716],[91.99,21.795],[91.899,21.789],[91.95,21.884],[91.916,21.862],[91.867,22.137],[91.84,22.117],[91.813,22.18],[91.84,22.247],[91.809,22.306],[91.874,22.336],[91.908,22.425],[91.791,22.302],[91.826,22.248],[91.787,22.238],[91.676,22.535],[91.462,22.762],[91.49,22.905],[91.415,22.754],[91.291,22.738],[91.317,22.697],[91.182,22.726],[91.169,22.685],[91.264,22.641],[91.203,22.543],[91.089,22.544],[91.018,22.683],[91.038,22.589],[90.942,22.586],[90.795,22.741],[90.629,23.064],[90.667,23.268],[90.6,23.45],[90.715,23.498],[90.716,23.535],[90.678,23.555],[90.695,23.508],[90.608,23.491],[90.612,23.606],[90.547,23.564],[90.476,23.583],[90.577,23.539],[90.552,23.385],[90.249,23.455],[90.428,23.326],[90.569,23.295],[90.611,23.231],[90.572,23.082],[90.559,23.111],[90.454,23.072],[90.449,23.056],[90.468,22.996],[90.51,22.918],[90.54,22.897],[90.476,22.884],[90.42,22.768],[90.373,22.761],[90.493,22.71],[90.513,22.611],[90.459,22.579],[90.442,22.494],[90.473,22.576],[90.524,22.583],[90.607,22.466],[90.586,22.473],[90.613,22.315],[90.558,22.203],[90.408,22.086],[90.422,22.199],[90.394,22.288],[90.413,22.178],[90.273,21.857],[90.185,21.801],[90.093,21.83],[90.126,21.932],[90.067,21.853],[90.024,21.862],[90.106,22.054],[90.216,22.123],[90.239,22.172],[90.236,22.199],[90.038,21.987],[89.996,22.0],[90.053,22.155],[89.983,21.987],[89.934,21.998],[89.877,22.275],[90.01,22.49],[89.92,22.392],[89.873,22.419],[89.839,22.268],[89.871,22.092],[89.797,22.076],[89.88,21.884],[89.709,21.83],[89.647,21.925],[89.619,21.87],[89.701,21.785],[89.595,21.76],[89.587,21.701],[89.527,21.813],[89.606,22.113],[89.567,22.203],[89.606,22.257],[89.626,22.336],[89.549,22.205],[89.579,22.113],[89.533,21.985],[89.537,22.089],[89.476,22.295],[89.522,21.962],[89.466,21.781],[89.406,21.717],[89.37,21.743],[89.387,21.901],[89.352,21.972],[89.356,21.893],[89.284,21.822],[89.298,21.678],[89.21,21.654],[89.188,21.812],[89.105,21.816],[89.076,22.175],[89.009,22.286],[88.971,22.528],[88.928,22.548],[88.956,22.585],[88.908,22.741],[88.945,22.848],[88.839,22.976],[88.851,23.075],[88.96,23.203],[88.697,23.252],[88.77,23.489],[88.719,23.468],[88.542,23.639],[88.578,23.855],[88.714,23.925],[88.678,24.154],[88.746,24.214],[88.738,24.287],[88.66,24.338],[88.635,24.294],[88.475,24.315],[88.11,24.501],[88.022,24.646],[88.141,24.845],[88.115,24.916],[88.202,24.945],[88.243,24.881],[88.323,24.875],[88.426,25.051],[88.441,25.19],[88.924,25.168],[88.985,25.285],[88.842,25.333],[88.772,25.502],[88.666,25.463],[88.53,25.5],[88.26,25.789],[88.128,25.775],[88.088,25.831],[88.074,25.908],[88.164,26.14],[88.326,26.216],[88.337,26.282],[88.432,26.362],[88.498,26.353],[88.461,26.454],[88.315,26.465],[88.385,26.624],[88.411,26.545],[88.656,26.415],[88.712,26.328],[88.663,26.264],[88.748,26.293],[88.825,26.227],[88.876,26.277],[89.019,26.234],[89.008,26.297],[88.891,26.386],[88.941,26.439],[89.044,26.381],[89.103,26.327],[89.069,26.287],[89.119,26.147],[89.335,25.999],[89.542,25.96],[89.611,26.072],[89.563,26.143],[89.653,26.223],[89.656,26.161],[89.718,26.146],[89.756,26.032],[89.829,25.979],[89.783,25.814],[89.834,25.635],[89.819,25.285],[89.908,25.297],[90.365,25.15],[90.822,25.142],[91.236,25.202],[91.639,25.124],[92.034,25.182],[92.304,25.074],[92.484,24.928],[92.478,24.864],[92.381,24.837],[92.223,24.891],[92.234,24.778],[92.111,24.514],[92.108,24.406],[91.95,24.375],[91.972,24.316],[91.9,24.338],[91.877,24.158],[91.733,24.234],[91.704,24.143],[91.629,24.215],[91.582,24.096],[91.363,24.1],[91.339,23.995],[91.274,23.988],[91.216,23.908],[91.205,23.772],[91.132,23.721],[91.175,23.67],[91.141,23.612],[91.287,23.356],[91.314,23.101],[91.371,23.063],[91.356,23.224],[91.394,23.263],[91.586,22.944],[91.796,23.089],[91.744,23.272],[91.941,23.495],[91.923,23.723],[92.019,23.64],[92.151,23.732],[92.194,23.648],[92.259,23.706],[92.253,23.609],[92.349,23.354],[92.36,22.927],[92.496,22.696]]],[[[91.936,21.781],[91.97,21.524],[91.877,21.481],[91.854,21.726],[91.898,21.743],[91.888,21.685],[91.936,21.781]]],[[[89.093,21.793],[89.132,21.722],[89.052,21.793],[89.046,21.917],[89.093,21.793]]],[[[91.867,21.932],[91.841,21.735],[91.833,21.726],[91.867,21.932]]],[[[90.522,21.939],[90.607,21.939],[90.541,21.876],[90.504,21.862],[90.522,21.939]]],[[[90.323,21.917],[90.394,22.0],[90.323,21.844],[90.323,21.917]]],[[[90.387,22.048],[90.346,21.972],[90.34,21.972],[90.387,22.048]]],[[[90.416,22.038],[90.476,21.945],[90.402,21.907],[90.416,22.038]]],[[[90.538,22.069],[90.484,22.035],[90.613,22.164],[90.52,21.995],[90.538,22.069]]],[[[90.947,22.212],[90.957,22.145],[90.929,22.117],[90.92,22.16],[90.947,22.212]]],[[[90.977,22.239],[90.997,22.253],[90.976,22.186],[90.977,22.239]]],[[[90.937,22.233],[90.957,22.278],[90.976,22.363],[90.99,22.281],[90.937,22.233]]],[[[91.156,22.332],[91.171,22.197],[91.022,22.095],[91.075,22.389],[91.156,22.332]]],[[[90.64,22.309],[90.602,22.448],[90.659,22.38],[90.64,22.309]]],[[[90.653,22.483],[90.667,22.439],[90.647,22.425],[90.653,22.483]]],[[[91.2,22.515],[91.18,22.459],[91.114,22.461],[91.124,22.489],[91.2,22.515]]],[[[91.556,22.478],[91.555,22.402],[91.476,22.413],[91.424,22.525],[91.447,22.576],[91.556,22.478]]],[[[90.835,22.458],[90.828,22.152],[90.647,21.994],[90.682,22.103],[90.604,22.044],[90.688,22.378],[90.647,22.548],[90.559,22.603],[90.585,22.768],[90.651,22.787],[90.767,22.518],[90.835,22.458]]],[[[90.664,22.829],[90.547,22.784],[90.521,22.712],[90.456,22.767],[90.487,22.87],[90.592,22.882],[90.664,22.829]]],[[[90.586,23.035],[90.667,22.918],[90.508,22.976],[90.586,23.035]]],[[[90.456,23.063],[90.516,23.052],[90.469,23.008],[90.456,23.063]]],[[[90.586,23.302],[90.469,23.332],[90.43,23.385],[90.539,23.35],[90.586,23.302]]]]}},{"type":"Feature","properties":{"name":"Afghanistan","iso":"AFG"},"geometry":{"type":"Polygon","coordinates":[[[74.547,37.016],[74.537,36.962],[74.394,36.994],[74.236,36.902],[74.13,36.898],[74.035,36.816],[73.773,36.892],[73.192,36.877],[72.63,36.833],[72.214,36.726],[72.153,36.702],[72.172,36.654],[71.773,36.48],[71.783,36.397],[71.61,36.458],[71.558,36.328],[71.223,36.125],[71.171,36.027],[71.356,35.933],[71.515,35.701],[71.493,35.61],[71.593,35.549],[71.621,35.41],[71.53,35.301],[71.638,35.19],[71.509,35.072],[71.47,34.95],[71.289,34.875],[71.203,34.748],[71.081,34.673],[71.066,34.558],[70.957,34.532],[70.992,34.443],[71.122,34.357],[71.063,34.054],[70.862,33.965],[70.522,33.939],[70.003,34.044],[69.873,34.017],[69.847,33.927],[69.958,33.753],[70.118,33.717],[70.174,33.632],[70.155,33.507],[70.286,33.383],[70.294,33.319],[69.995,33.127],[69.548,33.075],[69.488,33.028],[69.477,32.857],[69.376,32.772],[69.426,32.655],[69.233,32.463],[69.299,31.938],[69.04,31.673],[68.804,31.603],[68.676,31.775],[68.527,31.823],[68.419,31.783],[68.55,31.754],[68.498,31.725],[68.139,31.825],[67.966,31.638],[67.843,31.623],[67.696,31.521],[67.569,31.53],[67.611,31.411],[67.77,31.395],[67.765,31.334],[67.346,31.208],[67.035,31.236],[67.017,31.309],[66.943,31.315],[66.697,31.196],[66.663,31.083],[66.55,30.977],[66.366,30.923],[66.268,30.601],[66.322,30.437],[66.305,30.245],[66.219,30.058],[66.341,29.957],[66.196,29.835],[65.036,29.54],[64.478,29.57],[64.173,29.484],[64.086,29.387],[63.569,29.497],[62.478,29.408],[60.844,29.858],[61.802,30.847],[61.826,31.015],[61.742,31.321],[61.687,31.373],[60.822,31.495],[60.775,32.027],[60.83,32.249],[60.563,33.058],[60.568,33.151],[60.829,33.416],[60.832,33.484],[60.921,33.514],[60.656,33.56],[60.512,33.638],[60.493,34.139],[60.644,34.307],[60.89,34.319],[60.7,34.516],[60.948,34.638],[60.96,34.723],[61.065,34.815],[61.147,35.102],[61.102,35.257],[61.187,35.3],[61.29,35.548],[61.27,35.618],[61.352,35.628],[61.393,35.554],[61.605,35.431],[62.007,35.439],[62.234,35.294],[62.286,35.141],[62.432,35.281],[62.535,35.227],[62.694,35.248],[63.08,35.437],[63.077,35.625],[63.214,35.699],[63.112,35.77],[63.104,35.856],[63.43,35.871],[63.582,35.959],[63.89,36.03],[64.045,35.999],[64.057,36.105],[64.159,36.16],[64.266,36.152],[64.304,36.212],[64.478,36.272],[64.594,36.424],[64.605,36.661],[64.779,36.938],[64.779,37.118],[65.063,37.233],[65.537,37.257],[65.624,37.345],[65.659,37.51],[65.761,37.578],[66.294,37.331],[67.006,37.384],[67.259,37.185],[67.503,37.282],[67.561,37.22],[67.633,37.254],[67.747,37.229],[67.773,37.11],[68.02,36.926],[68.186,37.018],[68.278,37.01],[68.288,37.103],[68.627,37.206],[68.669,37.278],[68.82,37.251],[68.836,37.329],[68.916,37.279],[68.888,37.338],[68.985,37.32],[69.246,37.104],[69.312,37.117],[69.442,37.224],[69.378,37.437],[69.509,37.579],[69.919,37.617],[70.008,37.549],[70.158,37.541],[70.283,37.705],[70.172,37.946],[70.262,37.939],[70.254,37.973],[70.47,38.121],[70.665,38.405],[70.936,38.433],[70.951,38.473],[71.358,38.251],[71.258,37.926],[71.341,37.893],[71.537,37.944],[71.598,37.898],[71.59,37.816],[71.53,37.761],[71.431,37.067],[71.553,36.77],[71.653,36.687],[71.837,36.699],[72.26,36.967],[72.658,37.029],[72.791,37.22],[73.068,37.315],[73.296,37.465],[73.485,37.481],[73.753,37.428],[73.739,37.338],[73.597,37.262],[73.709,37.217],[74.188,37.338],[74.224,37.403],[74.316,37.427],[74.521,37.376],[74.66,37.394],[74.892,37.231],[74.794,37.214],[74.721,37.298],[74.368,37.167],[74.547,37.016]]]}},{"type":"Feature","properties":{"name":"Turkmenistan","iso":"TKM"},"geometry":{"type":"Polygon","coordinates":[[[61.245,35.649],[61.241,35.894],[61.13,35.971],[61.225,36.124],[61.147,36.357],[61.166,36.636],[60.342,36.637],[60.019,37.026],[59.653,37.15],[59.605,37.124],[59.556,37.198],[59.462,37.208],[59.37,37.319],[59.312,37.53],[59.212,37.516],[58.801,37.695],[58.682,37.643],[58.53,37.7],[58.48,37.644],[58.358,37.633],[58.207,37.679],[58.157,37.788],[57.352,37.968],[57.344,38.081],[57.207,38.271],[57.038,38.187],[56.729,38.271],[56.436,38.255],[56.303,38.179],[56.315,38.089],[56.214,38.069],[55.738,38.119],[55.447,38.084],[55.13,37.952],[55.0,37.839],[55.0,41.746],[55.228,41.473],[55.509,41.259],[55.91,41.327],[57.01,41.254],[57.161,41.368],[57.02,41.466],[56.95,41.866],[57.157,42.0],[59.961,42.0],[59.918,41.952],[60.089,41.919],[60.251,41.794],[60.102,41.795],[60.049,41.753],[60.165,41.585],[60.08,41.531],[60.066,41.41],[60.443,41.22],[60.86,41.253],[61.281,41.157],[61.433,41.3],[61.654,41.249],[61.878,41.125],[61.979,40.999],[62.037,40.736],[62.134,40.578],[62.192,40.499],[62.353,40.43],[62.453,40.009],[62.593,39.89],[63.478,39.403],[63.709,39.191],[64.151,38.949],[64.337,38.971],[64.635,38.744],[64.978,38.612],[65.604,38.237],[65.74,38.224],[65.877,38.273],[66.408,38.043],[66.59,38.013],[66.646,37.946],[66.519,37.783],[66.493,37.522],[66.547,37.451],[66.47,37.33],[66.163,37.377],[65.761,37.578],[65.659,37.51],[65.624,37.345],[65.537,37.257],[65.063,37.233],[64.808,37.136],[64.76,37.093],[64.765,36.905],[64.592,36.621],[64.594,36.424],[64.478,36.272],[64.304,36.212],[64.266,36.152],[64.159,36.16],[64.057,36.105],[64.045,35.999],[63.89,36.03],[63.582,35.959],[63.43,35.871],[63.104,35.856],[63.112,35.77],[63.214,35.699],[63.077,35.625],[63.08,35.437],[62.694,35.248],[62.535,35.227],[62.432,35.281],[62.286,35.141],[62.234,35.294],[62.007,35.439],[61.605,35.431],[61.393,35.554],[61.352,35.628],[61.245,35.649]]]}},{"type":"Feature","properties":{"name":"Nepal","iso":"NPL"},"geometry":{"type":"Polygon","coordinates":[[[88.143,27.856],[88.16,27.774],[88.023,27.495],[88.035,27.323],[87.969,27.111],[88.097,26.959],[88.168,26.763],[88.044,26.406],[87.975,26.367],[87.87,26.465],[87.587,26.378],[87.416,26.427],[87.3,26.346],[87.219,26.408],[87.106,26.405],[87.041,26.58],[86.714,26.415],[86.284,26.612],[86.196,26.583],[86.011,26.654],[85.829,26.566],[85.713,26.653],[85.702,26.797],[85.599,26.854],[85.302,26.737],[85.195,26.759],[85.162,26.851],[85.019,26.846],[84.817,27.011],[84.627,27.036],[84.658,27.203],[84.607,27.31],[84.289,27.376],[84.117,27.513],[84.008,27.441],[83.834,27.434],[83.855,27.345],[83.59,27.457],[83.387,27.47],[83.363,27.386],[83.282,27.331],[83.133,27.444],[82.752,27.495],[82.68,27.694],[82.402,27.677],[82.027,27.912],[81.856,27.851],[81.473,28.066],[81.396,28.161],[81.296,28.128],[81.17,28.361],[80.905,28.441],[80.556,28.679],[80.488,28.656],[80.488,28.562],[80.33,28.627],[80.036,28.837],[80.031,28.898],[80.133,29.11],[80.221,29.126],[80.219,29.211],[80.258,29.202],[80.28,29.31],[80.214,29.417],[80.385,29.605],[80.369,29.758],[80.476,29.806],[80.571,29.947],[80.716,30.013],[80.884,30.21],[81.007,30.189],[81.098,30.017],[81.217,30.008],[81.267,30.125],[81.35,30.157],[81.388,30.374],[81.509,30.328],[81.614,30.417],[82.089,30.33],[82.085,30.231],[82.156,30.181],[82.154,30.058],[82.542,29.923],[82.837,29.66],[82.976,29.664],[83.065,29.579],[83.174,29.621],[83.261,29.542],[83.264,29.473],[83.355,29.461],[83.524,29.184],[83.639,29.155],[83.695,29.226],[83.914,29.289],[84.09,29.257],[84.162,29.193],[84.132,29.144],[84.175,29.057],[84.231,29.026],[84.207,28.941],[84.377,28.849],[84.451,28.734],[84.616,28.694],[84.683,28.651],[84.678,28.604],[84.812,28.542],[84.928,28.538],[85.055,28.639],[85.161,28.595],[85.078,28.436],[85.109,28.292],[85.363,28.26],[85.432,28.297],[85.612,28.251],[85.693,28.335],[85.734,28.222],[85.863,28.143],[85.963,27.891],[86.113,27.927],[86.069,28.077],[86.156,28.157],[86.203,28.003],[86.425,27.91],[86.51,27.952],[86.554,28.104],[86.662,28.107],[86.732,28.077],[86.74,28.021],[87.006,27.951],[87.156,27.826],[87.364,27.855],[87.369,27.804],[87.532,27.837],[87.727,27.808],[87.837,27.908],[88.143,27.856]]]}},{"type":"Feature","properties":{"name":"Pakistan","iso":"PAK"},"geometry":{"type":"MultiPolygon","coordinates":[[[[73.712,36.893],[73.887,36.771],[73.886,36.714],[73.416,36.752],[73.073,36.699],[73.094,36.603],[72.985,36.473],[72.896,36.462],[72.877,36.384],[72.692,36.271],[72.572,36.243],[72.529,36.098],[72.589,36.016],[72.516,35.904],[72.792,35.838],[73.088,35.876],[73.155,35.825],[73.126,35.725],[73.307,35.6],[73.41,35.548],[73.772,35.522],[73.784,35.447],[73.69,35.357],[73.722,35.216],[73.81,35.234],[74.124,35.105],[74.068,35.055],[74.1,35.01],[74.018,34.881],[73.74,34.785],[73.623,34.564],[73.464,34.571],[73.437,34.522],[73.4,34.376],[73.474,34.269],[73.519,34.008],[73.58,33.91],[73.573,33.634],[73.635,33.541],[73.574,33.387],[73.581,33.229],[73.655,33.185],[73.623,33.124],[73.806,33.015],[73.943,33.018],[74.317,32.823],[74.346,32.767],[74.574,32.753],[74.672,32.841],[74.63,32.588],[74.689,32.471],[75.024,32.466],[75.23,32.38],[75.359,32.262],[75.295,32.149],[74.829,32.025],[74.784,31.943],[74.698,31.95],[74.55,31.827],[74.489,31.711],[74.617,31.459],[74.506,31.175],[74.537,31.115],[74.659,31.084],[74.401,30.893],[74.319,30.893],[74.164,30.665],[74.067,30.611],[74.058,30.531],[73.852,30.373],[73.944,30.188],[73.74,30.048],[73.37,29.927],[73.233,29.537],[72.93,29.048],[72.355,28.767],[72.256,28.646],[72.15,28.354],[71.908,28.136],[71.874,27.96],[71.561,27.869],[71.226,27.845],[70.832,27.701],[70.71,27.741],[70.633,27.932],[70.535,28.016],[70.342,28.011],[70.102,27.812],[69.994,27.571],[69.534,27.126],[69.465,26.808],[69.504,26.735],[69.816,26.58],[70.056,26.589],[70.158,26.53],[70.147,26.217],[70.065,25.98],[70.249,25.708],[70.654,25.674],[70.654,25.397],[70.849,25.163],[71.064,24.683],[70.955,24.585],[70.977,24.465],[71.083,24.412],[70.918,24.362],[70.841,24.306],[70.851,24.265],[70.755,24.231],[70.568,24.273],[70.563,24.424],[70.416,24.402],[70.098,24.299],[70.052,24.202],[69.972,24.165],[69.715,24.169],[69.563,24.277],[68.963,24.257],[68.904,24.321],[68.839,24.236],[68.799,24.329],[68.747,24.331],[68.724,23.965],[68.33,23.967],[68.183,23.842],[68.157,23.905],[68.149,23.695],[68.063,23.723],[68.102,23.816],[68.064,23.923],[68.014,23.939],[68.054,23.829],[68.014,23.769],[67.9,23.868],[67.869,23.85],[67.855,23.912],[67.832,23.81],[67.719,23.844],[67.716,23.792],[67.632,23.803],[67.65,23.933],[67.615,23.85],[67.479,23.892],[67.541,23.939],[67.499,23.926],[67.506,23.974],[67.451,23.988],[67.533,24.07],[67.341,24.086],[67.279,24.281],[67.286,24.33],[67.362,24.344],[67.272,24.369],[67.287,24.44],[67.259,24.419],[67.184,24.59],[67.253,24.59],[67.152,24.616],[67.256,24.748],[66.965,24.844],[66.965,24.81],[66.882,24.851],[66.654,24.839],[66.704,24.892],[66.737,25.181],[66.548,25.366],[66.591,25.4],[66.531,25.518],[66.375,25.626],[66.204,25.593],[66.094,25.475],[66.336,25.553],[66.492,25.481],[66.458,25.454],[66.498,25.399],[66.252,25.473],[65.652,25.344],[65.395,25.392],[65.232,25.371],[65.155,25.296],[64.744,25.324],[64.669,25.255],[64.71,25.179],[64.655,25.166],[64.6,25.173],[64.628,25.228],[64.565,25.27],[64.439,25.235],[64.094,25.336],[64.084,25.427],[64.155,25.447],[64.045,25.45],[63.977,25.413],[64.049,25.416],[64.06,25.345],[63.573,25.365],[63.469,25.289],[63.5,25.194],[63.144,25.261],[63.028,25.22],[62.527,25.264],[62.343,25.155],[62.381,25.088],[62.256,25.099],[62.315,25.13],[62.297,25.185],[62.145,25.218],[62.059,25.162],[62.097,25.107],[61.881,25.103],[61.847,25.038],[61.73,25.022],[61.783,25.188],[61.588,25.202],[61.66,25.769],[61.755,25.82],[61.833,26.225],[62.094,26.315],[62.124,26.374],[62.265,26.361],[62.292,26.501],[62.418,26.562],[62.754,26.644],[63.141,26.625],[63.19,26.846],[63.262,26.872],[63.231,27.066],[63.32,27.117],[63.177,27.258],[62.892,27.213],[62.742,27.267],[62.815,27.495],[62.736,27.995],[62.762,28.246],[62.576,28.229],[62.363,28.419],[61.893,28.543],[61.567,28.871],[61.468,29.042],[61.488,29.081],[61.333,29.275],[61.337,29.374],[60.844,29.858],[62.478,29.408],[63.569,29.497],[64.086,29.387],[64.173,29.484],[64.478,29.57],[65.036,29.54],[66.196,29.835],[66.341,29.957],[66.219,30.058],[66.305,30.245],[66.322,30.437],[66.268,30.601],[66.366,30.923],[66.55,30.977],[66.663,31.083],[66.697,31.196],[66.943,31.315],[67.017,31.309],[67.035,31.236],[67.346,31.208],[67.765,31.334],[67.77,31.395],[67.611,31.411],[67.569,31.53],[67.696,31.521],[67.843,31.623],[67.966,31.638],[68.139,31.825],[68.498,31.725],[68.55,31.754],[68.419,31.783],[68.527,31.823],[68.676,31.775],[68.804,31.603],[69.04,31.673],[69.299,31.938],[69.233,32.463],[69.426,32.655],[69.376,32.772],[69.477,32.857],[69.488,33.028],[69.548,33.075],[69.995,33.127],[70.294,33.319],[70.286,33.383],[70.155,33.507],[70.174,33.632],[70.118,33.717],[69.958,33.753],[69.847,33.927],[69.873,34.017],[70.003,34.044],[70.522,33.939],[70.862,33.965],[71.063,34.054],[71.122,34.357],[70.992,34.443],[70.957,34.532],[71.066,34.558],[71.081,34.673],[71.203,34.748],[71.289,34.875],[71.47,34.95],[71.509,35.072],[71.638,35.19],[71.53,35.301],[71.621,35.41],[71.593,35.549],[71.493,35.61],[71.515,35.701],[71.356,35.933],[71.171,36.027],[71.223,36.125],[71.558,36.328],[71.61,36.458],[71.783,36.397],[71.773,36.48],[72.172,36.654],[72.153,36.702],[72.214,36.726],[72.63,36.833],[73.712,36.893]]],[[[67.39,24.049],[67.458,24.063],[67.485,24.049],[67.427,24.008],[67.39,24.049]]]]}},{"type":"Feature","properties":{"name":"Hong Kong","iso":"HKG"},"geometry":{"type":"MultiPolygon","coordinates":[[[[114.235,22.556],[114.209,22.524],[114.255,22.551],[114.335,22.506],[114.167,22.448],[114.209,22.399],[114.324,22.48],[114.348,22.423],[114.36,22.461],[114.4,22.436],[114.358,22.332],[114.319,22.389],[114.258,22.362],[114.297,22.258],[114.256,22.322],[114.239,22.282],[114.195,22.318],[114.172,22.289],[114.105,22.37],[113.945,22.362],[113.897,22.409],[114.091,22.534],[114.235,22.556]]],[[[114.111,22.177],[114.114,22.216],[114.107,22.236],[114.155,22.204],[114.111,22.177]]],[[[114.222,22.279],[114.256,22.204],[114.223,22.239],[114.208,22.19],[114.113,22.272],[114.222,22.279]]],[[[113.839,22.205],[113.893,22.293],[114.055,22.336],[114.0,22.216],[113.839,22.205]]]]}},{"type":"Feature","properties":{"name":"Philippines","iso":"PHL"},"geometry":{"type":"MultiPolygon","coordinates":[[[[119.62,11.081],[119.613,11.008],[119.58,11.098],[119.62,11.081]]],[[[119.628,11.19],[119.61,11.157],[119.57,11.144],[119.573,11.179],[119.628,11.19]]],[[[120.0,15.279],[119.888,15.429],[119.964,15.514],[119.867,15.743],[119.895,15.874],[119.854,15.949],[119.771,15.915],[119.756,15.945],[119.782,16.322],[119.87,16.385],[119.926,16.365],[119.902,16.251],[120.0,16.194],[120.0,15.279]]],[[[120.0,5.229],[119.954,5.076],[119.819,5.06],[119.813,5.123],[120.0,5.229]]],[[[118.51,7.047],[118.503,6.971],[118.427,7.018],[118.51,7.047]]],[[[117.058,8.07],[117.087,7.872],[117.01,7.8],[116.956,7.921],[116.962,8.062],[116.982,8.027],[117.058,8.07]]],[[[117.068,8.086],[116.996,8.103],[117.045,8.136],[117.068,8.086]]],[[[117.155,8.18],[117.206,8.156],[117.152,8.17],[117.155,8.18]]],[[[117.355,8.303],[117.36,8.219],[117.29,8.184],[117.284,8.323],[117.355,8.303]]],[[[117.189,8.3],[117.264,8.301],[117.19,8.262],[117.189,8.3]]],[[[119.974,10.595],[119.984,10.531],[119.909,10.556],[119.915,10.481],[119.789,10.457],[119.753,10.54],[119.844,10.642],[119.974,10.595]]],[[[119.714,10.533],[119.576,10.381],[119.356,10.329],[119.257,10.222],[119.196,10.056],[118.774,9.934],[118.778,9.734],[118.701,9.776],[118.756,9.668],[118.498,9.314],[118.354,9.183],[118.137,9.131],[118.014,8.888],[117.755,8.69],[117.566,8.661],[117.513,8.507],[117.345,8.471],[117.191,8.338],[117.264,8.61],[117.656,9.058],[117.762,9.078],[117.904,9.261],[118.003,9.233],[118.134,9.343],[118.36,9.658],[118.531,9.774],[118.772,10.131],[118.779,10.056],[118.832,10.084],[118.816,10.189],[118.934,10.21],[118.95,10.282],[119.025,10.31],[119.034,10.349],[118.976,10.357],[119.002,10.398],[119.072,10.392],[119.12,10.488],[119.135,10.388],[119.278,10.508],[119.251,10.556],[119.319,10.59],[119.345,10.724],[119.223,10.851],[119.258,10.891],[119.223,10.942],[119.292,10.933],[119.278,10.875],[119.468,10.733],[119.457,10.831],[119.355,10.878],[119.32,11.001],[119.361,11.001],[119.335,11.103],[119.415,11.056],[119.432,11.122],[119.388,11.187],[119.491,11.421],[119.569,11.262],[119.516,11.117],[119.572,11.015],[119.518,11.012],[119.505,10.885],[119.532,10.82],[119.603,10.824],[119.591,10.672],[119.654,10.675],[119.663,10.571],[119.714,10.533]]],[[[119.876,11.48],[119.833,11.378],[119.833,11.426],[119.771,11.406],[119.716,11.46],[119.771,11.44],[119.785,11.494],[119.833,11.46],[119.848,11.521],[119.876,11.48]]],[[[120.0,11.681],[119.95,11.709],[120.0,11.767],[120.0,11.681]]],[[[119.998,11.796],[119.929,11.776],[119.854,11.954],[119.92,11.982],[120.0,11.926],[119.998,11.796]]],[[[119.984,12.026],[119.895,12.208],[119.848,12.167],[119.922,12.277],[119.881,12.269],[119.885,12.323],[120.0,12.264],[119.984,12.026]]],[[[119.435,4.903],[119.504,4.764],[119.457,4.656],[119.435,4.903]]],[[[119.961,8.877],[119.958,8.877],[119.96,8.881],[119.961,8.877]]],[[[119.969,8.881],[119.972,8.882],[119.971,8.881],[119.969,8.881]]],[[[119.963,8.887],[119.966,8.886],[119.965,8.885],[119.963,8.887]]],[[[119.968,8.892],[119.967,8.889],[119.966,8.891],[119.968,8.892]]],[[[119.831,4.821],[119.834,4.797],[119.812,4.817],[119.831,4.821]]],[[[119.821,4.863],[119.79,4.906],[119.804,4.927],[119.851,4.888],[119.821,4.863]]],[[[119.813,5.07],[119.746,5.044],[119.798,5.121],[119.813,5.07]]],[[[119.993,16.23],[119.922,16.304],[119.973,16.351],[120.0,16.324],[119.993,16.23]]]]}},{"type":"Feature","properties":{"name":"Sri Lanka","iso":"LKA"},"geometry":{"type":"MultiPolygon","coordinates":[[[[81.878,7.076],[81.832,6.765],[81.681,6.462],[81.325,6.205],[80.591,5.924],[80.204,6.026],[80.094,6.136],[79.863,6.807],[79.862,7.012],[79.814,7.181],[79.82,7.206],[79.848,7.123],[79.862,7.167],[79.697,8.219],[79.779,8.35],[79.732,8.013],[79.81,7.987],[79.807,8.24],[79.874,8.538],[79.942,8.642],[79.916,8.939],[80.048,9.026],[80.106,9.193],[80.118,9.3],[80.053,9.392],[80.197,9.473],[80.053,9.596],[80.233,9.534],[80.287,9.453],[80.427,9.5],[80.615,9.446],[80.186,9.649],[80.186,9.584],[79.958,9.686],[79.91,9.768],[79.971,9.815],[80.122,9.819],[80.13,9.777],[80.222,9.754],[80.339,9.629],[80.444,9.576],[80.248,9.755],[80.139,9.799],[80.247,9.826],[80.41,9.617],[80.744,9.36],[80.794,9.251],[80.824,9.27],[80.882,9.145],[80.834,9.142],[80.958,9.018],[80.875,9.041],[80.915,8.944],[80.979,8.98],[81.232,8.651],[81.204,8.61],[81.25,8.546],[81.212,8.573],[81.211,8.507],[81.159,8.535],[81.134,8.501],[81.366,8.482],[81.389,8.364],[81.352,8.405],[81.357,8.362],[81.399,8.339],[81.448,8.128],[81.43,8.103],[81.404,8.192],[81.396,8.137],[81.436,8.093],[81.464,8.116],[81.52,7.999],[81.561,7.999],[81.588,7.855],[81.713,7.712],[81.627,7.76],[81.595,7.726],[81.659,7.723],[81.749,7.623],[81.771,7.457],[81.808,7.41],[81.826,7.474],[81.856,7.412],[81.878,7.076]]],[[[81.808,7.479],[81.725,7.74],[81.806,7.599],[81.808,7.479]]],[[[79.703,9.08],[79.842,9.077],[79.917,9.021],[79.854,9.041],[79.91,8.973],[79.703,9.08]]],[[[79.719,9.524],[79.666,9.491],[79.659,9.555],[79.719,9.524]]],[[[79.88,9.629],[79.841,9.699],[79.882,9.761],[79.895,9.688],[79.978,9.624],[79.88,9.629]]]]}},{"type":"Feature","properties":{"name":"Taiwan","iso":"TWN"},"geometry":{"type":"MultiPolygon","coordinates":[[[[118.423,24.528],[118.449,24.416],[118.284,24.401],[118.282,24.477],[118.381,24.474],[118.423,24.528]]],[[[119.666,23.573],[119.582,23.519],[119.527,23.54],[119.587,23.549],[119.552,23.59],[119.613,23.61],[119.666,23.573]]],[[[119.489,23.64],[119.492,23.571],[119.442,23.562],[119.474,23.58],[119.489,23.64]]],[[[119.596,23.653],[119.545,23.665],[119.566,23.679],[119.596,23.653]]]]}},{"type":"Feature","properties":{"name":"Singapore","iso":"SGP"},"geometry":{"type":"Polygon","coordinates":[[[103.986,1.385],[103.975,1.334],[103.839,1.266],[103.64,1.322],[103.695,1.421],[103.805,1.449],[103.986,1.385]]]}},{"type":"Feature","properties":{"name":"Maldives","iso":"MDV"},"geometry":{"type":"MultiPolygon","coordinates":[[[[73.173,-0.689],[73.166,-0.688],[73.163,-0.682],[73.173,-0.689]]],[[[73.204,-0.671],[73.196,-0.681],[73.191,-0.683],[73.204,-0.671]]],[[[73.127,-0.666],[73.124,-0.665],[73.124,-0.656],[73.127,-0.666]]],[[[73.24,-0.626],[73.227,-0.633],[73.235,-0.619],[73.24,-0.626]]],[[[73.248,-0.581],[73.236,-0.592],[73.247,-0.578],[73.248,-0.581]]],[[[73.443,-0.293],[73.445,-0.304],[73.435,-0.284],[73.443,-0.293]]],[[[73.095,0.228],[73.104,0.22],[73.103,0.213],[73.095,0.228]]],[[[73.217,0.238],[73.211,0.232],[73.209,0.24],[73.217,0.238]]],[[[73.036,0.261],[73.04,0.259],[73.04,0.259],[73.036,0.261]]],[[[73.379,0.285],[73.37,0.28],[73.371,0.286],[73.379,0.285]]],[[[72.981,0.304],[72.988,0.302],[72.986,0.3],[72.981,0.304]]],[[[73.507,0.388],[73.509,0.381],[73.509,0.381],[73.507,0.388]]],[[[72.958,0.397],[72.961,0.394],[72.961,0.394],[72.958,0.397]]],[[[72.941,0.487],[72.937,0.494],[72.941,0.496],[72.941,0.487]]],[[[73.492,0.508],[73.495,0.499],[73.49,0.503],[73.492,0.508]]],[[[73.384,0.64],[73.387,0.635],[73.385,0.636],[73.384,0.64]]],[[[73.369,0.76],[73.372,0.757],[73.37,0.757],[73.369,0.76]]],[[[73.35,0.844],[73.353,0.842],[73.351,0.841],[73.35,0.844]]],[[[72.828,3.505],[72.835,3.505],[72.831,3.504],[72.828,3.505]]],[[[72.791,3.511],[72.795,3.515],[72.799,3.512],[72.791,3.511]]],[[[72.912,3.542],[72.92,3.552],[72.928,3.552],[72.912,3.542]]],[[[72.942,3.619],[72.946,3.614],[72.938,3.614],[72.942,3.619]]],[[[72.69,3.718],[72.697,3.719],[72.695,3.715],[72.69,3.718]]],[[[73.469,3.937],[73.47,3.935],[73.468,3.934],[73.469,3.937]]],[[[72.703,4.003],[72.705,3.996],[72.699,3.998],[72.703,4.003]]],[[[73.508,4.093],[73.502,4.101],[73.508,4.104],[73.508,4.093]]],[[[72.973,4.26],[72.976,4.262],[72.976,4.26],[72.973,4.26]]],[[[73.703,4.435],[73.698,4.431],[73.697,4.431],[73.703,4.435]]],[[[73.703,4.453],[73.7,4.449],[73.7,4.452],[73.703,4.453]]],[[[73.377,4.465],[73.374,4.467],[73.377,4.474],[73.377,4.465]]],[[[73.401,4.63],[73.405,4.628],[73.403,4.627],[73.401,4.63]]],[[[73.49,4.723],[73.491,4.717],[73.488,4.716],[73.49,4.723]]],[[[72.973,4.894],[72.97,4.881],[72.969,4.881],[72.973,4.894]]],[[[72.923,4.899],[72.921,4.898],[72.917,4.899],[72.923,4.899]]],[[[73.437,4.97],[73.441,4.975],[73.447,4.971],[73.437,4.97]]],[[[72.909,5.031],[72.91,5.033],[72.913,5.034],[72.909,5.031]]],[[[72.928,5.037],[72.927,5.034],[72.924,5.033],[72.928,5.037]]],[[[73.045,5.122],[73.043,5.119],[73.041,5.118],[73.045,5.122]]],[[[73.045,5.129],[73.051,5.127],[73.048,5.126],[73.045,5.129]]],[[[73.091,5.161],[73.088,5.158],[73.088,5.158],[73.091,5.161]]],[[[73.107,5.171],[73.107,5.172],[73.111,5.17],[73.107,5.171]]],[[[72.86,5.238],[72.859,5.236],[72.857,5.234],[72.86,5.238]]],[[[73.132,5.242],[73.128,5.241],[73.132,5.245],[73.132,5.242]]],[[[73.5,5.247],[73.497,5.245],[73.494,5.246],[73.5,5.247]]],[[[73.594,5.283],[73.578,5.275],[73.57,5.277],[73.594,5.283]]],[[[73.113,5.298],[73.109,5.295],[73.109,5.297],[73.113,5.298]]],[[[73.467,5.308],[73.464,5.307],[73.464,5.307],[73.467,5.308]]],[[[73.63,5.333],[73.627,5.331],[73.623,5.332],[73.63,5.333]]],[[[73.643,5.344],[73.64,5.342],[73.64,5.342],[73.643,5.344]]],[[[72.952,5.35],[72.95,5.349],[72.953,5.353],[72.952,5.35]]],[[[73.396,5.357],[73.401,5.358],[73.401,5.356],[73.396,5.357]]],[[[73.323,5.368],[73.33,5.367],[73.318,5.366],[73.323,5.368]]],[[[73.345,5.427],[73.348,5.429],[73.351,5.428],[73.345,5.427]]],[[[73.535,5.45],[73.531,5.45],[73.537,5.451],[73.535,5.45]]],[[[73.363,5.463],[73.363,5.459],[73.361,5.458],[73.363,5.463]]],[[[72.937,5.466],[72.94,5.462],[72.938,5.461],[72.937,5.466]]],[[[73.01,5.491],[73.013,5.487],[73.011,5.487],[73.01,5.491]]],[[[73.459,5.542],[73.456,5.543],[73.462,5.544],[73.459,5.542]]],[[[72.999,5.712],[73.002,5.707],[73.0,5.707],[72.999,5.712]]],[[[72.948,6.344],[72.954,6.346],[72.953,6.343],[72.948,6.344]]],[[[72.891,6.448],[72.897,6.448],[72.896,6.446],[72.891,6.448]]],[[[73.105,-0.579],[73.112,-0.617],[73.119,-0.641],[73.105,-0.579]]],[[[73.365,1.791],[73.376,1.789],[73.368,1.783],[73.365,1.791]]],[[[73.395,1.799],[73.402,1.796],[73.394,1.795],[73.395,1.799]]],[[[73.453,1.827],[73.457,1.82],[73.454,1.821],[73.453,1.827]]],[[[73.518,1.843],[73.499,1.828],[73.498,1.829],[73.518,1.843]]],[[[73.532,1.864],[73.533,1.862],[73.532,1.86],[73.532,1.864]]],[[[73.244,1.889],[73.244,1.894],[73.252,1.892],[73.244,1.889]]],[[[73.549,1.911],[73.541,1.892],[73.553,1.932],[73.549,1.911]]],[[[73.55,1.966],[73.548,1.968],[73.55,1.976],[73.55,1.966]]],[[[73.317,1.991],[73.323,1.986],[73.318,1.983],[73.317,1.991]]],[[[73.543,2.022],[73.54,2.023],[73.544,2.027],[73.543,2.022]]],[[[73.387,2.029],[73.386,2.03],[73.387,2.033],[73.387,2.029]]],[[[73.551,2.073],[73.551,2.078],[73.556,2.083],[73.551,2.073]]],[[[73.568,2.11],[73.58,2.106],[73.562,2.095],[73.568,2.11]]],[[[73.044,2.166],[73.04,2.165],[73.038,2.165],[73.044,2.166]]],[[[73.099,2.185],[73.102,2.181],[73.099,2.182],[73.099,2.185]]],[[[73.117,2.198],[73.121,2.192],[73.115,2.192],[73.117,2.198]]],[[[72.948,2.275],[72.946,2.272],[72.943,2.273],[72.948,2.275]]],[[[72.927,2.316],[72.923,2.32],[72.926,2.327],[72.927,2.316]]],[[[73.344,2.348],[73.344,2.344],[73.342,2.342],[73.344,2.348]]],[[[73.354,2.437],[73.367,2.398],[73.363,2.385],[73.354,2.437]]],[[[73.315,2.494],[73.312,2.499],[73.315,2.506],[73.315,2.494]]],[[[73.144,2.55],[73.141,2.55],[73.146,2.553],[73.144,2.55]]],[[[72.901,2.678],[72.906,2.68],[72.904,2.676],[72.901,2.678]]],[[[72.874,2.684],[72.867,2.689],[72.873,2.694],[72.874,2.684]]],[[[73.032,2.745],[73.028,2.738],[73.022,2.742],[73.032,2.745]]],[[[73.348,2.775],[73.354,2.772],[73.351,2.771],[73.348,2.775]]],[[[73.391,2.775],[73.392,2.781],[73.399,2.786],[73.391,2.775]]],[[[73.549,2.893],[73.551,2.891],[73.549,2.888],[73.549,2.893]]],[[[73.36,2.904],[73.363,2.898],[73.357,2.9],[73.36,2.904]]],[[[73.015,2.947],[73.009,2.946],[73.008,2.953],[73.015,2.947]]],[[[73.564,2.955],[73.562,2.946],[73.562,2.95],[73.564,2.955]]],[[[73.586,2.962],[73.577,2.951],[73.578,2.957],[73.586,2.962]]],[[[72.865,2.961],[72.868,2.961],[72.865,2.958],[72.865,2.961]]],[[[72.902,3.084],[72.904,3.077],[72.9,3.077],[72.902,3.084]]],[[[73.613,3.103],[73.608,3.1],[73.613,3.107],[73.613,3.103]]],[[[72.975,3.104],[72.982,3.105],[72.978,3.103],[72.975,3.104]]],[[[73.042,3.205],[73.047,3.202],[73.041,3.198],[73.042,3.205]]],[[[73.029,3.247],[73.036,3.248],[73.032,3.246],[73.029,3.247]]],[[[72.833,3.312],[72.836,3.306],[72.831,3.306],[72.833,3.312]]],[[[73.516,3.361],[73.519,3.359],[73.519,3.356],[73.516,3.361]]],[[[73.749,3.448],[73.753,3.446],[73.753,3.446],[73.749,3.448]]],[[[73.508,3.497],[73.506,3.498],[73.506,3.501],[73.508,3.497]]],[[[72.952,3.734],[72.956,3.729],[72.949,3.729],[72.952,3.734]]],[[[72.946,3.772],[72.949,3.767],[72.942,3.767],[72.946,3.772]]],[[[72.945,3.837],[72.948,3.832],[72.941,3.832],[72.945,3.837]]],[[[73.432,3.847],[73.433,3.843],[73.432,3.842],[73.432,3.847]]],[[[73.444,3.921],[73.443,3.919],[73.438,3.916],[73.444,3.921]]],[[[73.345,3.945],[73.341,3.942],[73.341,3.943],[73.345,3.945]]],[[[73.423,4.118],[73.421,4.116],[73.419,4.116],[73.423,4.118]]],[[[73.553,4.237],[73.511,4.162],[73.431,4.185],[73.512,4.186],[73.553,4.237]]],[[[72.959,4.263],[72.954,4.261],[72.945,4.266],[72.959,4.263]]],[[[73.596,4.342],[73.592,4.34],[73.589,4.341],[73.596,4.342]]],[[[73.608,4.358],[73.612,4.357],[73.61,4.356],[73.608,4.358]]],[[[73.632,4.368],[73.637,4.364],[73.634,4.365],[73.632,4.368]]],[[[73.668,4.394],[73.668,4.387],[73.666,4.386],[73.668,4.394]]],[[[72.956,4.422],[72.943,4.432],[72.957,4.438],[72.956,4.422]]],[[[73.55,4.615],[73.554,4.614],[73.552,4.613],[73.55,4.615]]],[[[73.63,5.419],[73.637,5.403],[73.632,5.386],[73.63,5.419]]],[[[72.999,5.461],[73.003,5.458],[73.001,5.456],[72.999,5.461]]],[[[72.878,5.492],[72.881,5.488],[72.879,5.488],[72.878,5.492]]],[[[73.013,5.616],[73.016,5.612],[73.014,5.612],[73.013,5.616]]],[[[73.009,5.675],[73.012,5.672],[73.01,5.671],[73.009,5.675]]],[[[73.393,5.738],[73.381,5.715],[73.38,5.715],[73.393,5.738]]],[[[72.986,5.766],[72.983,5.763],[72.987,5.771],[72.986,5.766]]],[[[73.377,5.787],[73.385,5.787],[73.381,5.784],[73.377,5.787]]],[[[72.971,5.81],[72.975,5.805],[72.975,5.804],[72.971,5.81]]],[[[73.443,5.841],[73.434,5.831],[73.433,5.831],[73.443,5.841]]],[[[72.964,5.864],[72.966,5.85],[72.962,5.857],[72.964,5.864]]],[[[73.423,5.907],[73.428,5.904],[73.426,5.903],[73.423,5.907]]],[[[72.93,5.957],[72.926,5.963],[72.932,5.969],[72.93,5.957]]],[[[73.395,5.958],[73.385,5.965],[73.39,5.97],[73.395,5.958]]],[[[72.91,5.982],[72.913,5.976],[72.91,5.978],[72.91,5.982]]],[[[73.251,6.083],[73.249,6.08],[73.245,6.08],[73.251,6.083]]],[[[73.249,6.11],[73.247,6.108],[73.247,6.108],[73.249,6.11]]],[[[73.22,6.132],[73.219,6.129],[73.215,6.129],[73.22,6.132]]],[[[73.265,6.154],[73.267,6.151],[73.265,6.151],[73.265,6.154]]],[[[73.219,6.172],[73.214,6.169],[73.216,6.171],[73.219,6.172]]],[[[73.271,6.189],[73.268,6.179],[73.266,6.185],[73.271,6.189]]],[[[73.03,6.221],[73.029,6.219],[73.029,6.219],[73.03,6.221]]],[[[73.236,6.232],[73.244,6.232],[73.24,6.229],[73.236,6.232]]],[[[73.126,6.284],[73.123,6.283],[73.128,6.287],[73.126,6.284]]],[[[73.209,6.287],[73.213,6.289],[73.209,6.286],[73.209,6.287]]],[[[73.083,6.309],[73.081,6.306],[73.078,6.305],[73.083,6.309]]],[[[73.194,6.322],[73.202,6.322],[73.201,6.318],[73.194,6.322]]],[[[73.121,6.331],[73.12,6.329],[73.119,6.329],[73.121,6.331]]],[[[73.187,6.351],[73.182,6.346],[73.18,6.347],[73.187,6.351]]],[[[73.019,6.364],[73.025,6.365],[73.024,6.363],[73.019,6.364]]],[[[72.686,6.412],[72.687,6.407],[72.686,6.406],[72.686,6.412]]],[[[72.901,6.436],[72.907,6.436],[72.907,6.434],[72.901,6.436]]],[[[73.046,6.436],[73.043,6.434],[73.049,6.441],[73.046,6.436]]],[[[72.957,6.56],[72.958,6.554],[72.956,6.555],[72.957,6.56]]],[[[72.923,6.56],[72.929,6.561],[72.928,6.559],[72.923,6.56]]],[[[73.026,6.579],[73.03,6.576],[73.028,6.575],[73.026,6.579]]],[[[73.039,6.623],[73.041,6.617],[73.038,6.618],[73.039,6.623]]],[[[73.062,6.661],[73.062,6.667],[73.07,6.668],[73.062,6.661]]],[[[73.099,6.709],[73.1,6.7],[73.096,6.698],[73.099,6.709]]],[[[73.032,6.757],[73.037,6.753],[73.035,6.753],[73.032,6.757]]],[[[72.913,6.765],[72.914,6.759],[72.912,6.76],[72.913,6.765]]],[[[73.16,6.787],[73.153,6.749],[73.132,6.725],[73.16,6.787]]],[[[73.182,6.831],[73.184,6.821],[73.181,6.823],[73.182,6.831]]],[[[72.99,6.842],[72.992,6.837],[72.989,6.838],[72.99,6.842]]],[[[73.139,6.844],[73.14,6.839],[73.138,6.84],[73.139,6.844]]],[[[72.972,6.85],[72.976,6.847],[72.974,6.846],[72.972,6.85]]],[[[73.093,6.853],[73.094,6.848],[73.092,6.848],[73.093,6.853]]],[[[72.959,6.862],[72.961,6.856],[72.958,6.857],[72.959,6.862]]],[[[73.102,6.894],[73.107,6.89],[73.104,6.89],[73.102,6.894]]],[[[73.202,6.902],[73.213,6.905],[73.204,6.885],[73.202,6.902]]],[[[72.926,6.957],[72.926,6.954],[72.925,6.952],[72.926,6.957]]],[[[73.195,6.951],[73.192,6.968],[73.198,6.971],[73.195,6.951]]],[[[72.892,6.988],[72.89,6.985],[72.892,6.991],[72.892,6.988]]],[[[72.98,7.028],[72.981,7.014],[72.977,7.019],[72.98,7.028]]],[[[72.95,7.056],[72.948,7.051],[72.948,7.054],[72.95,7.056]]],[[[72.913,7.093],[72.912,7.083],[72.907,7.091],[72.913,7.093]]],[[[72.884,7.107],[72.885,7.104],[72.882,7.102],[72.884,7.107]]]]}},{"type":"Feature","properties":{"name":"Spratly Is.","iso":"PGA"},"geometry":{"type":"MultiPolygon","coordinates":[[[[115.366,10.239],[115.368,10.239],[115.367,10.237],[115.366,10.239]]],[[[114.371,9.684],[114.382,9.69],[114.373,9.68],[114.371,9.684]]],[[[114.034,10.012],[114.038,10.021],[114.04,10.019],[114.034,10.012]]],[[[114.371,10.18],[114.359,10.183],[114.366,10.187],[114.371,10.18]]],[[[114.468,10.368],[114.465,10.378],[114.47,10.377],[114.468,10.368]]],[[[114.364,10.368],[114.36,10.379],[114.367,10.368],[114.364,10.368]]],[[[114.455,10.388],[114.452,10.397],[114.458,10.396],[114.455,10.388]]],[[[115.815,10.734],[115.833,10.728],[115.815,10.723],[115.815,10.734]]],[[[115.846,10.822],[115.831,10.833],[115.849,10.826],[115.846,10.822]]],[[[114.283,11.041],[114.279,11.05],[114.287,11.047],[114.283,11.041]]],[[[115.02,11.109],[115.01,11.116],[115.021,11.118],[115.02,11.109]]],[[[114.36,9.77],[114.363,9.769],[114.361,9.767],[114.36,9.77]]]]}},{"type":"Feature","properties":{"name":"Macao","iso":"MAC"},"geometry":{"type":"MultiPolygon","coordinates":[[[[113.534,22.161],[113.587,22.125],[113.547,22.105],[113.534,22.161]]],[[[113.524,22.213],[113.557,22.202],[113.525,22.174],[113.524,22.213]]]]}},{"type":"Feature","properties":{"name":"Scarborough Reef","iso":"SCR"},"geometry":{"type":"Polygon","coordinates":[[[117.754,15.154],[117.754,15.15],[117.752,15.152],[117.754,15.154]]]}}]}